t,posx,posy,posz,velx,vely,velz,accx,accy,accz,jerkx,jerky,jerkz,snapx,snapy,snapz
0.0,3.700180884893522e-14,2.607893254055626e-14,-2.055133521994158e-14,1.901252822755715e-14,1.345319036183563e-14,-1.0559825310475667e-14,8.108512816986202e-15,5.7910215132672754e-15,-4.5035752460660065e-15,2.631087104547956e-15,1.9169440039605164e-15,-1.4613362868810547e-15,4.511792494337615e-16,3.511926326248158e-16,-2.505879192307126e-16
0.010101010101010102,-5.743187814095694e-10,1.919760771916175e-10,3.189829446807104e-10,-2.8329135531919053e-07,9.486899030774465e-08,1.573431231625582e-07,-0.00011158149911880202,3.748123808869291e-05,6.197358736464913e-05,-0.03284241365913002,0.011088902374214558,0.018241036446408242,-6.385451411808106,2.1785520521236084,3.5465496884174734
0.020202020202020204,-1.8052837691053154e-08,6.095113870532254e-09,1.0026743883603067e-08,-4.435910960985222e-06,1.5038458039363675e-06,2.463753558194573e-06,-0.0008687838049774978,0.00029636806953683135,0.0004825320457606596,-0.12666681562783572,0.04366546714852801,0.07035213746477113,-12.07823537619141,4.254438352581206,6.708384286030575
0.030303030303030304,-1.346324225734021e-07,4.592461492519961e-08,7.477632285241485e-08,-2.197228990813227e-05,7.541883427183337e-06,1.2203650596016383e-05,-0.0028526375049851885,0.0009884583131026248,0.001584386130599688,-0.27459160524997556,0.09668920876975702,0.15251118663955401,-17.101113767863232,6.226988354991071,9.498145987487522
0.04040404040404041,-5.570845576483503e-07,1.920059307726578e-07,3.0941086807070956e-07,-6.792869451237212e-05,2.3610114609883052e-05,3.7728341321703745e-05,-0.006575821628777037,0.002315007061986073,0.0036522833930841786,-0.46996461221335994,0.16911329545309098,0.2610234956824293,-21.4767519202122,8.095616051873096,11.928423367326824
0.05050505050505051,-1.6690838201303995e-06,5.813084193178869e-07,9.270274441818742e-07,-0.00016218449437192375,5.708905046837955e-05,9.00790454561778e-05,-0.012484976201352633,0.0044666668932541904,0.006934292597562164,-0.7063621213848524,0.2598854031103929,0.39232126281500557,-25.227718625302188,9.859819974648786,14.011751379977293
0.060606060606060615,-4.07679832170564e-06,1.4348972694708988e-06,2.2642984630480256e-06,-0.000328806739819212,0.00011723121869311292,0.00018262286649046032,-0.020963004946071985,0.007623436702798817,0.011643082668005041,-0.9775878976454728,0.3679485692784987,0.5429630311515574,-28.37648613387238,11.519183193641263,15.760611359758032
0.07070707070707072,-8.64797702558416e-06,3.0762984997115007e-06,4.803181207975887e-06,-0.000595417949250455,0.00021505332850092312,0.00033070165384050515,-0.03233136813750112,0.011954619165832818,0.017957196163603875,-1.2776722107255027,0.49224204704751673,0.7096331470817562,-30.94543015533723,13.073373318075271,17.187431020878442
0.08080808080808081,-1.6544767879832378e-05,5.948772690264475e-06,9.1891453846045e-06,-0.000992587006836768,0.00036322804945872043,0.000551293700761176,-0.046852365604107084,0.017618786822924615,0.026022317283484114,-1.600870860039587,0.6317021589891255,0.8891412186533988,-32.956829857786474,14.522142496077155,18.304584457438203
0.09090909090909091,-2.9250499702675173e-05,1.0631493988629594e-05,1.6246048073489488e-05,-0.0015532430711203183,0.0005759754913051748,0.0008626882227579418,-0.06473140988080259,0.024763756791571154,0.03595253440053891,-1.9416641995218407,0.7852631510848749,1.0784215739551417,-34.43286786798511,15.865327414674885,19.124392143427315
0.10101010101010101,-4.85906597504426e-05,1.7854631808277966e-05,2.698778490122227e-05,-0.0023121123949990594,0.0008689544718970724,0.001284172561234861,-0.08611928951134024,0.033526574103309226,0.047831597124380815,-2.2947561624609496,0.9518580466544837,1.274532719499226,-35.39563027137345,17.102849299798045,19.659120932726058
0.1111111111111111,-7.674829789382112e-05,2.8513333520393408e-05,4.2626845688726236e-05,-0.003305177957603569,0.001259153660406989,0.0018357320571174196,-0.11111442250055598,0.04403350366636507,0.06171416789341195,-2.6550732863352753,1.130419500284139,1.4746567986042112,-35.867106612067076,18.234713916277844,19.920984059105027
0.1212121212121212,-0.00011627408732305499,4.368060731860487e-05,6.457990227717608e-05,-0.004569161808569546,0.0017647826828989359,0.0025377625391888067,-0.13976509991646258,0.05640003085384253,0.07762706809601284,-3.017763737647962,1.3198806517547972,1.676099049777705,-35.86918989285683,19.26101156784708,19.92214113622506
0.1313131313131313,-0.00017009127069772767,6.461910531672284e-05,9.44705556737897e-05,-0.006141030025209453,0.0024051632774086196,0.003410795371878181,-0.17207171964219234,0.07073087071744956,0.09557051872084957,-3.378196336762035,1.5191759799704796,1.8762872650990927,-35.423676575208866,20.181917097140193,19.67469815763735
0.1414141414141414,-0.00024149571965173896,9.279180781955994e-05,0.00013412936910154593,-0.008057520183086881,0.0032006205856549737,0.00447523500723951,-0.20798901027778904,0.08711998582676277,0.11551937553629939,-3.731959582735508,1.7272421568865743,2.0727712486022676,-34.552266579264604,20.997689885693223,19.19070749678336
0.15151515151515152,-0.00033415133455907823,0.00012987161058698306,0.00018559131297868556,-0.010354691240497135,0.004172374668509605,0.005751108985859555,-0.24742824519185014,0.1056506127340308,0.13742435879899498,-4.074860678156487,1.9430189014381343,2.2632222746583603,-33.27656328384073,21.708673853943832,18.48216790699484
0.16161616161616163,-0.00045208101046098176,0.00017774981779141276,0.00025109074729565676,-0.013067495737357611,0.005342432332350823,0.007257830331433562,-0.2902594467230181,0.12639529706451613,0.16121327749148714,-4.402924553978271,2.1654498334681778,2.445432546358473,-31.618073526429257,22.3152974612313,17.561024521493845
0.17171717171717174,-0.0005996533940500398,0.00023854354424904882,0.00033305406629896783,-0.016229374209011403,0.006733479353428868,0.00901397228374723,-0.33631358053132115,0.14941593723237434,0.18679224808902578,-4.712392894354464,2.393483327655987,2.617314653896408,-29.59820760319739,22.818073705796504,16.43916885339273
0.18181818181818185,-0.0007815656556018167,0.0003146020313851743,0.0004340901298332183,-0.01987187171544781,0.008368773187369023,0.011037055314803547,-0.38538474009936324,0.17476383678207308,0.2140469078554597,-4.999723161474066,2.626073367445403,2.7769010329513897,-27.238279268987736,23.217600124781956,15.128438795694137
0.19191919191919196,-0.0010028224987395208,0.00040851188227395297,0.0005569786051343794,-0.024024276386443177,0.010272036250939254,0.013343346372833036,-0.4372323213833652,0.20247976535534862,0.24284362266825502,-5.261587620396586,2.862180398973134,2.9223434230708096,-24.559505737318066,23.51455879423178,13.640618621291
0.20202020202020207,-0.0012687116299122485,0.0005231012219732012,0.0007046563423091963,-0.02871327988312554,0.012467349863208991,0.015947670298925996,-0.49158318761405323,0.23259402828370052,0.27303068937263086,-5.49487236388715,3.100772184997045,3.051912326052945,-21.583007680381524,23.70971632909172,11.987438982966548
0.21212121212121218,-0.0015847759084623222,0.0006614427902546877,0.0008802019061773996,-0.033962659676466826,0.014979048933225759,0.018863233361025314,-0.5481338242473975,0.2651265448064255,0.30443953266481527,-5.6966763372515885,3.3408246588244617,3.1639964643296943,-18.3298092290465,23.803923883209123,10.180576913394344
0.2222222222222223,-0.00195678239715221,0.0008268559747105799,0.0010868183865952012,-0.03979298304320593,0.017831617481336274,0.022101458850018383,-0.6065524840652026,0.30008693491418925,0.33688589650441886,-5.864310363171552,3.581322778240471,3.257102239349304,-14.82083797285665,23.798117149332946,8.231655825138185
0.2323232323232324,-0.0023906885320165157,0.0010229077930967155,0.0013278146088203649,-0.04622133267970626,0.021049585081278657,0.025671834682666806,-0.6664813224255433,0.3374746148181363,0.3701710300559262,-5.995296166539626,3.8212613794362174,3.329853189959109,-11.07692496003086,23.693316359113776,6.1522455106521585
0.24242424242424251,-0.0028926056293994977,0.0012534128346534566,0.001606584864920945,-0.05326105383425123,0.02465742431017238,0.029581772956112258,-0.7275385226630537,0.37727890104453854,0.40408286815930716,-6.0873653992944075,4.059646030937199,3.3809894507882445,-7.118804697463466,23.49062628310382,3.953862142280732
0.2525252525252526,-0.003468759947033588,0.00152243217102495,0.0019265872866715862,-0.06092152285828148,0.028679449293532756,0.033836481398697285,-0.7893204116390642,0.41947912315498337,0.43839720632974527,-6.138458665255628,4.295493887531579,3.409367210630389,-2.9671151507239237,23.191236230756875,1.6479682722585844
0.2626262626262627,-0.004125451515009318,0.001834271248277662,0.002291320979823076,-0.06920793707707702,0.033139715432436316,0.03843884666183951,-0.8514035654415871,0.46404474509209653,0.4728788702864856,-6.14672454495926,4.527834544198468,3.413958170826503,1.3576022559429948,22.796420050428388,-0.7540271672892696
0.2727272727272728,-0.004869010951482104,0.002193476772399166,0.0027043020390726613,-0.07812112588038793,0.038061920399964096,0.04338932939769779,-0.9133469052351553,0.5109354951508085,0.5072828800108009,-6.110518620492596,4.755710890036235,3.3938490036475306,5.8349026396171535,22.307536129375393,-3.2407688643475216
0.28282828282828293,-0.005705754476956283,0.0026048326015381835,0.0031690385625044357,-0.08765738293351732,0.04346930649404911,0.048685871067368845,-0.974693783260504,0.5601015045751548,0.5413556083330757,-6.028402500329392,4.978179962190804,3.3482408106771686,10.444437658703292,21.726027393756546,-5.800955127010592
0.29292929292929304,-0.006641937339981789,0.0030733546591269747,0.003689004783710894,-0.09780831940935991,0.04938456443385509,0.05432381242435335,-1.0349740589841108,0.6114834547806173,0.57483593404901,-5.899142844164928,5.194313799783943,3.276448581194549,15.165955512930674,21.053421308632128,-8.423337883482578
0.30303030303030315,-0.007683705866093891,0.0036042848829072435,0.004267614439248589,-0.10856073814189987,0.05582973868681261,0.060295823618029376,-1.0937061653975764,0.6650127332020024,0.60745638956494,-5.721710387751162,5.403200297841594,3.177900650557031,19.979300943353476,20.291329877964024,-11.09672268207732
0.31313131313131326,-0.008837048340821245,0.004203084225760746,0.0049081934885225765,-0.1198965286016711,0.0628261344134398,0.06659184586187207,-1.1503991654668622,0.7206115977668588,0.6389443030722783,-5.495278967731767,5.603944061222129,3.0521381585828595,24.864415232350453,19.441449644615737,-13.809968691218304
0.32323232323232337,-0.010107744936582775,0.00487542472512593,0.0056139523026361975,-0.13179258259368407,0.07039422611707379,0.07319904461115855,-1.204554798731371,0.7781933499944329,0.669022935251073,-5.219224546477302,5.795667258544678,2.8988145079339565,29.801336203625105,18.505561690352398,-16.5519886994388
0.3333333333333335,-0.01150131689228854,0.005627180658661958,0.006387957438184517,-0.14422073057832244,0.07855356808563994,0.080101774194896,-1.255669518052882,0.8376625167201621,0.6974126105026835,-4.89312423692028,5.977510476117424,2.7176948224986193,34.770198222205764,17.485531635840715,-19.311749115381694
0.3434343434343436,-0.013022975153455064,0.006464418804701497,0.007233103111411537,-0.1571476985157126,0.08732270671258544,0.08728155384671146,-1.303236516514337,0.8989150404457081,0.7238318427115772,-4.516755327390268,6.148633571865894,2.50865540577427,39.751232194445365,16.383309640649074,-22.078269967799663
0.3535353535353537,-0.014677568679640303,0.007393387826913812,0.008152082487593115,-0.170535085134071,0.09671909478410347,0.09471705507944278,-1.346747744468465,0.9618384783145273,0.7479984555362412,-4.090094306449018,6.308216529261266,2.2716831992501465,44.72476556802154,15.200930403247412,-24.84062490555499
0.3636363636363638,-0.0164695326249986,0.0084205068034797,0.009147358899949328,-0.18433935952253025,0.10675900781977521,0.10238410034816801,-1.3856959167362728,1.0263122097129789,0.7696306972292186,-3.613315887725547,6.455460311248663,2.006875240790086,49.671222331936605,13.940513161007337,-27.587941197619763
0.3737373737373739,-0.018402836596750984,0.009552352921959932,0.010221137111831879,-0.19851187894895098,0.11745746255375637,0.11025567294641345,-1.4195765099553708,1.0922076524969748,0.7884483499862559,-3.086792034751233,6.589587714175458,1.7144381230152195,54.57112301651789,12.604261690202026,-30.309399733075704
0.38383838383838403,-0.02048093319536084,0.010795648361918753,0.011375334735373704,-0.2129989268032196,0.12882813764363368,0.1183019380802763,-1.447889750078158,1.1593884878441627,0.8041738338245736,-2.511090985794965,6.709844221719571,1.39468745168672,59.405084693417166,11.194464306006289,-32.99423502111435
0.39393939393939414,-0.02270670703920041,0.012157246388244424,0.012611553919230207,-0.22774177056653813,0.14088329669407987,0.12649027506520433,-1.470142590019846,1.22771089373165,0.8165333049902526,-1.886976278698194,6.815498858817752,1.0480473040885085,64.1538209756108,9.713493862496573,-35.63173519103671
0.40404040404040426,-0.025082424475488335,0.013644116678988448,0.013931053417482835,-0.24267673970720793,0.15363371368243242,0.13478532059016715,-1.4858506774563507,1.2970237870392716,0.8252577488947457,-1.2154057757100634,6.905845045593912,0.6750496874100245,68.79814201740042,8.163807752650882,-38.21124199225385
0.41414141414141437,-0.027609684178273353,0.015263329912425447,0.015334721151217848,-0.2577353234034112,0.1670886008733229,0.14314902299396023,-1.494540312772005,1.3671690742783822,0.8300840675804941,-0.49753068832250147,6.9802014512874,0.27633399712891293,73.31895451441176,6.547947908348933,-40.72215079428614
0.4242424242424245,-0.03028936883323432,0.017022041638915655,0.016823047373734808,-0.27284428799349525,0.18125553930948413,0.1515407074983794,-1.4957503971571622,1.437981910946204,0.8307561617156799,0.2653053978946336,7.037912848181304,-0.14735352460621653,77.6972617035955,4.868540800371964,-43.15391058676395
0.4343434343434346,-0.03312159810806204,0.018927475464032027,0.018396098549781276,-0.28792581405426015,0.1961404119658618,0.1599171523430045,-1.4890343708556,1.5092909695057,0.8270260071180804,1.0715674984585526,7.078350965530755,-0.595160330593082,81.91416336322726,3.1282974384028392,-45.496023979427285
0.4444444444444447,-0.036105683106182576,0.020986905570294104,0.020053492058651628,-0.30289765300775656,0.21174733965415576,0.1682326757663307,-1.47396214156181,1.5809187159909897,0.8186547258080527,1.919530205138315,7.10091534349122,-1.0661281101929645,85.95085581290697,1.3300133710261157,-47.73804720212569
0.4545454545454548,-0.039240082500577686,0.023207638605730694,0.021794371830430183,-0.3176733031570953,0.22807861976491983,0.17643923377798548,-1.4501220029681279,1.6526816952383052,0.8054136515906294,2.807278661119747,7.105034187046819,-1.5591933309480055,89.78863191355984,-0.5234313142721501,-49.86959010481877
0.4646464646464649,-0.042522360543452285,0.025596994968373803,0.023617385024100386,-0.332162205051771,0.24513466793434524,0.1844865286667719,-1.4171225434617116,1.724390824742485,0.7870853901667398,3.7327095361704274,7.090165219938598,-2.0731877801984777,93.4088810674352,-2.429071991104161,-51.88031615757551
0.47474747474747503,-0.045949147146493924,0.028162289516665846,0.02552065985568349,-0.3462699560830077,0.2629139627228544,0.19232212818927358,-1.3745945449713521,1.7958516971390024,0.763464873773543,4.693532001804458,7.05579653859284,-2.60683910670006,96.79308921810738,-4.383859494180609,-53.75994245057471
0.48484848484848514,-0.04951610022546482,0.030910811736642715,0.027501784684012272,-0.3598985442096253,0.2814129933926332,0.1998915953837629,-1.3221928719641822,1.866864891311535,0.7343604103538862,5.687268706447518,7.0014474660493695,-3.15877136224104,99.92283885047547,-6.384660119310503,-55.498239694104825
0.49494949494949525,-0.05321787050186115,0.03384980539763512,0.02955778846118687,-0.3729466007149327,0.30062621087122615,0.20713862895414833,-1.2595983505921602,1.937226292125078,0.6995947272548645,6.7112567506015175,6.926669405889853,-3.727505543259718,102.77980899076309,-8.42825562340128,-57.08503221856412
0.5050505050505053,-0.057048068953369654,0.0369864477291104,0.031685122654201696,-0.3853096718951514,0.32054598198832296,0.21400521416870377,-1.1865196379884824,2.006727418784583,0.6590060094555289,7.762648662009827,6.8310466961660765,-4.311460132461543,105.34577520651897,-10.511343224458763,-58.51019797446054
0.5151515151515154,-0.06099923710384706,0.04032782815215796,0.03387964474367456,-0.39688050957987103,0.3411625470728615,0.2204317842183114,-1.1026950817137857,2.0751557618191465,0.6124489323236895,8.838413370821778,6.714197463328279,-4.908951640436429,107.60260960661623,-12.630535601587106,-59.76366853241173
0.5252525252525254,-0.06506282034254185,0.043880926600000265,0.03613660340504976,-0.40754938038504335,0.36246398099757604,0.22635739197896462,-1.0078945693522352,2.1422951286917344,0.5597956889018378,9.93533718475792,6.575774476153421,-5.518195147276055,109.53228084125251,-14.782360894988884,-60.83542908314479
0.5353535353535355,-0.069229144461274,0.047652591462792764,0.038450625477090904,-0.41720439359901473,0.3844361577581153,0.2317198921232626,-0.901921368257447,2.207925998034441,0.5009370117222042,11.05002476427474,6.415465999673492,-6.137304844191146,111.11685410195048,-16.963262705965047,-61.71551843749691
0.5454545454545455,-0.07348739559728185,0.05164951719285498,0.04081570482191804,-0.42573184760210503,0.40706271867385824,0.2364561335256412,-0.7846139554482494,2.27182588250929,0.435783189150915,12.178900097729546,6.2329966491038284,-6.764294575128625,112.33849112155778,-19.169600096914998,-62.39402902641494
0.5555555555555556,-0.07782560376844205,0.05587822160735576,0.043225193180288494,-0.43301659472023296,0.43032504429755236,0.2405021619060742,-0.6558478376543178,2.3337697002945723,0.36426507626127835,13.3182074765454,6.028128243771386,-7.397078378389047,113.17945017424643,-21.39764759133641,-62.86110690095525
0.5656565656565656,-0.08223063018656203,0.06034502292635603,0.04567179312526034,-0.4389424244130916,0.45420223012090555,0.24379343265698483,-0.5155373615116332,2.39353015519672,0.2863351002361818,14.46401247037604,5.800660661043064,-8.033471028243698,113.62208607551301,-23.64359517382543,-63.10695173228379
0.5757575757575757,-0.08668815853343985,0.06505601658499091,0.0481475532168206,-0.4433924646973766,0.4786710661632509,0.24626503379810766,-0.36363751390784044,2.4508781253877294,0.20196826029962783,15.61220290227076,5.550432690253949,-8.671188576552101,113.64885018217907,-25.903548290076536,-63.12181681167668
0.5858585858585857,-0.09118269038338234,0.07001705185945593,0.050643865459501544,-0.4462496017055775,0.5037060205304207,0.2478519190040351,-0.20014571247738056,2.505583060768102,0.11116312217735891,16.758489823839273,5.277322886635719,-9.307848894378981,113.24229039239086,-28.17352784688258,-62.8960090505192
0.5959595959595958,-0.09569754495486488,0.0752337083473385,0.05315146516444976,-0.44739691728082803,0.5292792270309459,0.24848915064919705,-0.025103586246510212,2.5574133889553496,0.013942807086616882,17.898408490416603,4.981250425244839,-9.940972213611772,112.38505114561943,-30.449470212134898,-62.41988898030688
0.6060606060606059,-0.10021486337301395,0.08071127234371922,0.05566043331685581,-0.4467181445083215,0.555360476936715,0.24811215281499563,0.16140125357177737,2.6061369298980113,-0.08964402474498423,19.027319336228068,4.662175954890915,-10.567981668577785,111.05987342266012,-32.72722721482307,-61.68387075264451
0.6161616161616159,-0.10471561762358773,0.08645471315534622,0.05816020154909295,-0.4440981410837902,0.5819172149752185,0.24665697420385133,0.35923345263309536,2.6515213191152363,-0.19952219603143917,20.140408949554132,4.320102452064954,-11.186203837661598,109.24959474563352,-35.0025661450352,-60.67842213924679
0.626262626262626,-0.10917962437812266,0.09246865939606429,0.06063955981935525,-0.4394233804195701,0.6089145396405002,0.24406056090488848,0.5682081623670393,2.693334439561874,-0.3155890398512793,21.2326910478952,3.9550760748677343,-11.79286928492202,106.93714917798503,-37.27116975395764,-59.39406453193819
0.636363636363636,-0.11358556386891383,0.09875737530756476,0.06308666689502822,-0.43258246038872245,0.6363152079099483,0.24026103895599885,0.7880892987328242,2.7313448621191356,-0.4377134325413007,22.29900745313668,3.5671870169380036,-12.385113101709806,104.10556732448404,-39.528636253875284,-57.82137294265265
0.6464646464646461,-0.11791100399148582,0.10532473715039684,0.0654890637394655,-0.42346662960775355,0.6640796444540487,0.23519800664702914,1.018587810824942,2.765322294710767,-0.56573483206125,23.33402906671372,3.156570361380883,-12.959975448284462,100.73797633122514,-41.77047931817119,-55.95097600343412
0.6565656565656561,-0.12213242981121111,0.11217420971106606,0.06783368990028824,-0.41197033115840587,0.6921659554262316,0.22881283650882195,1.259359959329138,2.795038040044771,-0.6994623218293231,24.332256844776275,2.7234069346960856,-13.51440209543196,96.81759988562779,-43.99212808132708,-53.77355596643586
0.6666666666666662,-0.12622527864972635,0.11930882297192233,0.07010690299676435,-0.3979917636490322,0.7205299469199297,0.22104898693285197,1.5100056048283328,2.820265461980676,-0.8386736600286004,25.288022773353873,2.2679241607062544,-14.045244966081661,92.32775821643548,-46.188927138922836,-51.27984870392128
0.6767676767676762,-0.13016398092578774,0.12673114899142085,0.07229450140326794,-0.381433459516076,0.7491251481799865,0.21185232336620669,1.770066505958893,2.840780460522325,-0.9831143343843256,26.19549084352051,1.7903969144852532,-14.549262676923671,87.25186809371776,-48.35613654763681,-48.46064370826323
0.6868686868686863,-0.13392200692421,0.13444327904322131,0.07438175022526035,-0.3622028804661269,0.7779028396555306,0.20117144902662415,2.0390246274169357,2.85636195543622,-1.1324966224121078,27.048658026559714,1.291148376286456,-15.023121080026339,81.57344282886716,-50.48893182524573,-45.306784091944216
0.6969696969696964,-0.13747191966552016,0.142446801063467,0.07635341066367479,-0.3402130299590851,0.8068120859814489,0.18895804508236247,2.3163004578147963,2.8667923784953944,-1.286498657136946,27.84135524912918,0.7705508854710725,-15.46339380445318,75.27609227460208,-52.58240395062475,-41.80916658755637
0.7070707070707064,-0.14078543404795976,0.15074277745646958,0.07819377286303297,-0.3153830826329146,0.8357997739755821,0.1751672202415981,2.601251337387685,2.8718581743488176,-1.4447634982831956,28.567248368425673,0.2290267944364377,-15.86656279788033,68.34352282496589,-54.631559363747286,-37.9587415478022
0.7171717171717165,-0.14383348243245256,0.15933172330990159,0.0798866923380543,-0.287639030570525,0.8648106557387721,0.15975786969613148,2.893169795550442,2.871350310016373,-1.6068982089353543,29.21983914735048,-0.3329506774557327,-16.229018868213874,60.75953741532551,-56.631319965685236,-33.74651294549299
0.7272727272727265,-0.14658628684016942,0.1682135850714824,0.08141563007297534,-0.2569143463092196,0.8937873969448857,0.14269304336411365,3.1912818983045224,2.865064793009318,-1.772472937669821,29.792466229673472,-0.9148565899509702,-16.547062225206886,52.508035522373405,-58.576523118608975,-29.163538373550615
0.7373737373737366,-0.1490134379312934,0.17738771974002107,0.08276369638722075,-0.22315066249329543,0.9226706304079431,0.12394032337653121,3.4947456054950004,2.8528031980763338,-1.9410200061574043,30.278306115198664,-1.5161134279738224,-16.816903022077053,43.57301316412638,-60.46192164578713,-24.200929045005566
0.7474747474747466,-0.1510839809326026,0.18685287462455866,0.08391369866052412,-0.1862984680702344,0.9513990150134731,0.10347221075221444,3.802649137917943,2.83437320257508,-2.112033002236875,30.67037413492855,-2.1360902476994834,-17.034661897123534,33.938562899927106,-62.282183831586565,-18.84984979299925
0.7575757575757567,-0.15276650868047031,0.19660716772623735,0.0848481930100307,-0.14631782093102735,0.9799093001012288,0.08126652120606517,4.11400935427758,2.8095891304693166,-2.2849658784592144,30.96152542622974,-2.7741018226255747,-17.196370515344583,23.58887383044116,-64.03189342147289,-13.101519070782047
0.7676767676767667,-0.15402926194488648,0.20664806879839723,0.08554954001135785,-0.10317907689509803,1.0081363953863873,0.05730679003529551,4.427770137994092,2.778272504951525,-2.459232056102948,31.14445590799693,-3.4294077896437543,-17.29797211005451,12.508231597659716,-65.70554962200985,-6.947208951714188
0.7777777777777768,-0.15484023719909323,0.21697238114128803,0.08599996455503191,-0.05686363494037111,1.0360134465063549,0.03158268602835304,4.742800793861111,2.74025260969111,-2.6342035346601556,31.211703255818758,-4.101211795111556,-17.33532202450135,0.6810183848986924,-67.29756710085961,-0.3782451292653235
0.7878787878787868,-0.15516730199842285,0.227576224188658,0.08618161992915793,-0.007364698578969597,1.0634719162803157,0.004090434341336768,5.057894454553633,2.695367058708107,-2.809210006793543,31.155647877141693,-4.788660640923872,-17.30418825348366,-11.908287083201316,-68.8022759867828,6.613993082984763
0.7979797979797969,-0.15497831813092472,0.23845501694436455,0.08607665621862962,0.04531194672097022,1.0904416717686372,-0.02516675171340807,5.371766496985973,2.6434623748724735,-2.9835379787642236,30.968513886436185,-5.490843430584938,-17.200251984968176,-25.275109540674777,-70.21392186963837,14.03807275134649
0.808080808080807,-0.15424127270136098,0.24960346232803368,0.08566729311061376,0.10114714016684084,1.1168510772192726,-0.05617823002176289,5.683052968519954,2.5843945770288155,-3.156429896330626,30.642370080360042,-6.20679071527972,-17.019108141706795,-39.43477718023087,-71.52666580038368,21.90250732202037
0.818181818181817,-0.1529244173091443,0.2610155324896689,0.08493589719550512,0.16010753642595815,1.142627092988273,-0.08892548022060481,5.990309023023177,2.518029775746805,-3.327083276117928,30.1691309129247,-6.93547363994589,-16.75626592285415,-54.40252165325646,-72.73458429107433,30.215756621098777
0.8282828282828271,-0.15099641547978365,0.27268445515399775,0.08386506385196613,0.22214478066231935,1.1676953805215529,-0.12338164550419417,6.292007366777443,2.4442447776970093,-3.4946498424587613,29.54055747065931,-7.675803089345401,-16.407149345584486,-70.19347806981077,-73.8316693148646,38.98622685456236
0.8383838383838371,-0.14842649850842043,0.2846027010562181,0.0824377038041327,0.28719466792523085,1.1919804134850085,-0.15951106573941098,6.586536714237221,2.3629276986523116,-3.6582346697044374,28.748258447776003,-8.426628834136153,-15.967097786709466,-86.82268499863082,-74.8118283060069,48.22227060828344
0.8484848484848472,-0.1451846298729789,0.2967619725316904,0.0806371344384823,0.35517628698924253,1.2154055951301581,-0.19726880194505886,6.872200253638818,2.2739785851148557,-3.816895330007425,27.78369112133428,-9.18673867694374,-15.431366524294717,-104.30508446712648,-75.66888415985213,57.93218684802346
0.8585858585858572,-0.14124167837353274,0.3091531933230016,0.07844717596733333,0.4259911487449982,1.237893381982381,-0.23660015219060054,7.147214122458659,2.177310044568557,-3.969641046574322,26.63816232640699,-9.954857598433215,-14.795127279277882,-122.65552196138506,-76.39657523284959,68.12422091943579
0.8686868686868673,-0.13656960015338993,0.3217664996687021,0.07585225252535341,0.49952229924034797,1.2593654139389185,-0.2774401589694736,7.409705892722736,2.0728478843571114,-4.115431852389989,25.302829431243822,-10.72964690338064,-14.053468757085465,-141.88874642616756,-76.98855534254699,78.80656454806233
0.8787878787878773,-0.13114162975647858,0.33459123273890556,0.07283749828491937,0.5756334174713639,1.2797426508637577,-0.31971310810232123,7.6577130661658375,1.9605317591875506,-4.253177754412519,23.768701312437344,-11.50970336674498,-13.201397189249818,-162.01941026491116,-77.43839376759016,89.98735583933663
0.8888888888888874,-0.1249324803745472,0.34761593248381134,0.06938886867561242,0.6541678980226631,1.298945515766503,-0.363332019225394,7.889181579240546,1.8403158272593925,-4.381737903238921,22.026639330087043,-12.293558379739572,-12.233836875027109,-183.06206933972845,-77.7395752477237,101.67467927858152
0.8989898989898975,-0.11791855343672906,0.3608283329621017,0.06549325679255746,0.7349479186565552,1.3168940446523911,-0.4081981279193371,8.101964317977085,1.7121694150192237,-4.499919768241934,20.067358302964998,-13.07967709590401,-11.145630723014122,-205.03118297140574,-77.88549998379042,113.87656573101086
0.9090909090909075,-0.11007815769299392,0.3742153592170287,0.06113861507777066,0.8177734929505622,1.3335080431305557,-0.4542003595336668,8.293819642692846,1.5760776905409282,-4.606478318177525,17.88142748368027,-13.866457577175865,-9.931540792765471,-227.9411139394066,-77.86948363773146,126.6009924417285
0.9191919191919176,-0.10139173794201853,0.3877631257689095,0.05631408235812452,0.902421508082695,1.3487072498676764,-0.5012147947622184,8.462409922551938,1.432042345531392,-4.7001152072633055,15.459271533843989,-14.65222993996214,-8.586248836411414,-251.80612848186865,-77.68475733258632,139.85588303572837
0.9292929292929276,-0.09184211355297067,0.4014569367936011,0.05101011632296831,0.988644747864132,1.3624115069741425,-0.5491041270247337,8.605300079975569,1.2800822859617513,-4.77947796672801,12.791171499234068,-15.435255501211323,-7.104356840274317,-276.64039629560693,-77.32446765249315,153.6491075178958
0.9393939393939377,-0.08141472692976587,0.4152812880574302,0.04521863152388857,1.076170901118638,1.3745409374098436,-0.5977171117099566,8.719956144901854,1.1202343313242036,-4.8431592018314715,9.867265784960331,-16.21372592448474,-5.480387566486684,-302.4579905361076,-76.78167664268813,167.98848227300456
0.9494949494949477,-0.07009790206526034,0.4292198706799202,0.03893314297854718,1.1647015555083498,1.385016129496735,-0.6468880073354465,8.803743818896091,0.9525539225143236,-4.88969579435606,6.67755113062919,-16.98576236602854,-3.7087850946077907,-329.2728878175363,-76.04936180950614,182.88177006571985
0.9595959595959578,-0.05788311333192003,0.44325557679654154,0.03214891545996344,1.2539111769053566,1.3937583286252861,-0.6964360086793653,8.85392704911114,0.7771158383389576,-4.917568110568221,3.2118835855090566,-17.749414620845194,-1.783915363241384,-357.0989682127306,-75.12041612038013,198.3366800405972
0.9696969696969678,-0.04476526465443184,0.45737050719458583,0.02486311855204039,1.3434460744085985,1.4006896362419452,-0.7461646719395101,8.867666612098143,0.5940149206496343,-4.925199214651694,-0.5400205163056455,-18.502660268765347,0.29993328834684974,-385.95001525320674,-73.98764800384168,214.3608677220829
0.9797979797979779,-0.030742979208789017,0.4715459809961611,0.017074987551612603,1.4329233511055532,1.4057332162047487,-0.79586133197488,8.842018707467089,0.4033668081014916,-4.910954087611227,-4.588583580729235,-19.24340382051939,2.5485495786129775,-415.839715929154,-72.6437813495208,230.96193501451233
0.989898989898988,-0.015818899791304408,0.4857625474631594,0.008785990296689264,1.521929840678208,1.4088135085942028,-0.8452965116849608,8.773933561397515,0.20530867853779533,-4.873138851646878,-8.944365778519,-19.969475863809222,4.967798742116514,-446.7816606894363,-71.08145550814544,248.14743020211176
0.999999999999998,-6.372680161348399e-14,0.4999999999999549,3.572142581731441e-14,1.6100210299528843,1.409856451066563,-0.8942233235820913,8.660254039999861,-7.105427357601002e-14,-4.809999999999928,-13.618064070111473,-20.678632209380012,7.563621987903495,-478.78934344159484,-69.29322529154257,265.92484794899747
1.0101010101010082,-9.14372744187375e-14,0.4999999999999358,5.078402975922103e-14,1.6100210299528384,1.4098564510665423,-0.8942233235820675,8.660254039999835,-1.140793906789896e-13,-4.809999999999904,-13.61806407011164,-20.678632209379977,7.563621987903731,-478.7893434415944,-69.29322529154248,265.9248479489977
1.0202020202020183,0.016702098790646054,0.5142373932561499,-0.00927652869974328,1.6967225231539171,1.4087901156545561,-0.9423782830540164,8.498726903157753,-0.21221575547458574,-4.720286058417322,-18.319468005778372,-21.321017875981433,10.174833252300443,-452.1537840031262,-57.96585201943963,251.13116641546176
1.0303030303030285,0.03427093386742641,0.5284530837550163,-0.019034452231252046,1.781557144397537,1.405549343859795,-0.9894963613859359,8.2910630073351,-0.43034917064110867,-4.604947255322305,-22.753800759130247,-21.850998137663108,12.637710255969292,-425.9093240532492,-47.03604956117388,236.554705819646
1.0404040404040387,0.052685339966340596,0.5426248247377734,-0.029262015174994483,1.8640724233061272,1.40008002766909,-1.035326251571847,8.039940080723781,-0.6532850274149559,-4.465470830290369,-26.925015440901465,-22.27256153277866,14.954448599891183,-400.0565148842586,-36.498418035026276,222.19577235542295
1.0505050505050488,0.07191971734119501,0.5567298791103804,-0.03994499915143435,1.9438427354893433,1.3923391213469758,-1.0796315571612083,7.7479958894758125,-0.8799481216393754,-4.303321827542565,-30.83707177116581,-22.589642393359206,17.12724755594757,-374.59611385309825,-26.34762447084778,208.0547866672291
1.060606060606059,0.0919443008952035,0.5707451291516591,-0.0510668722996706,2.020468898514524,1.3822942400084508,-1.1221905678564827,7.4178281604298855,-1.1093027189604856,-4.1199430530269545,-34.493938160797725,-22.80612152098772,19.158311222986754,-349.52908438136006,-16.578402810059274,194.13228385006502
1.0707070707070692,0.11272542522727291,0.5846471821942579,-0.0626089364870484,2.0935777669904305,1.3699232636534746,-1.162796034618216,7.051994482813075,-1.3403520175291854,-3.9167550198226495,-37.899593792933494,-22.925826862673514,21.049849682890212,-324.8565959552848,-7.185553905651525,180.42891344949527
1.0808080808080793,0.1342257855828537,0.5984124723332592,-0.07455047224412067,2.162821826551872,1.3552139465942372,-1.2012549441596505,6.653012188917683,-1.5721376175300794,-3.695155881866412,-41.0580307044322,-22.952534186726663,22.804080156638864,-300.5800241257611,1.8360544778147998,166.94543946164848
1.0909090909090895,0.15640469469717969,0.6120173582165531,-0.08686888141819761,2.2278787865328846,1.3381635322062415,-1.2373882927129454,6.223358213753217,-1.8037389975374154,-3.4565213560018275,-43.973255867336974,-22.889967758632427,24.4232281603794,-276.7009505083265,10.491487664209076,153.68274033321725
1.1010101010100997,0.17921833551657865,0.6254382169704034,-0.09953982753753152,2.2884511711160345,1.318778372934241,-1.2710308589490307,5.7654689336735325,-2.0342729976980407,-3.202204632351024,-46.649293270335946,-22.741801016925756,25.90952866149057,-253.22116278316665,18.78574406583085,140.64180896145822
1.1111111111111098,0.20262000978138772,0.6386515343129445,-0.1125373738769918,2.34426590874554,1.297073555484073,-1.3020309759331545,5.281739983979081,-2.2628933097413704,-2.933536273008969,-49.09018600022346,-22.511657249065664,27.26522723464951,-230.14265469511554,26.723755183409704,127.82375269419204
1.12121212121212,0.22656038245186338,0.651633990907634,-0.12583411921489365,2.3950739195917854,1.2730725311314215,-1.3302503019981553,4.77452605549433,-2.4887899738163655,-2.6518240990603203,-51.29999832336107,-22.203110267309732,28.492581217898014,-207.46762605365586,34.310385606105356,115.22979332980337
1.1313131313131302,0.2509877219563325,0.664362545008003,-0.13940133126945334,2.4406497008548773,1.2468067510785614,-1.3555635904175194,4.246140670120304,-2.7111888821555383,-2.358353065918844,-53.28281776713873,-21.81968508458848,29.59386086870886,-185.19848273291848,41.55043301150755,102.86126711724093
1.1414141414141403,0.2758481362386814,0.6768145114443501,-0.1532090778021502,2.4807909096948744,1.2183153067901134,-1.377858457760264,3.6988559353622747,-2.9293512895659606,-2.054385126989388,-55.0427572014358,-21.364858590379907,30.571350520052107,-163.33783667168274,48.44862816563624,90.71962475601742
1.1515151515151505,0.3010858045801386,0.6889676370023139,-0.16722635537408523,2.515317943576311,1.1876445752388558,-1.397035150809685,3.1349022778325906,-3.142573330747286,-1.7411590856524313,-56.583956920082194,-20.842060226583836,31.427349736461395,-141.88850587337635,55.00963492294139,78.80643139620953
1.1616161616161607,0.326643205168162,0.7008001722425824,-0.18142121574023395,2.544073517814639,1.154847868992632,-1.4130063119280312,2.5564681557286453,-3.3501855444367994,-1.4198904355711797,-57.910586722319444,-20.254672663396438,32.16417447010024,-120.85351440607555,61.23805022630304,67.12336663845814
1.1717171717171708,0.3524613383830907,0.7122909398102846,-0.1957608898653003,2.5669222401122282,1.1199850910733917,-1.4256967427491345,1.9656997502859788,-3.5515524043814692,-1.0917711893212352,-59.026847994261864,-19.606032475184612,32.784158216828374,-100.2360924025048,67.13840410703139,55.67222453396788
1.181818181818181,0.3784799457710846,0.7234193992819202,-0.2102119095436861,2.583750181871541,1.0831223945194142,-1.4350431660810548,1.3647006362065413,-3.7460718571370175,-0.757969695342826,-59.93697579035752,-18.89943081636047,33.28965317226798,-80.03967606003707,72.7151596848667,44.45491358450758
1.1919191919191912,0.4046377246697211,0.7341657085969899,-0.22474022660489976,2.594464446073112,1.0443318465817388,-1.440993985900775,0.7555314310620752,-3.933174866694003,-0.4196304432155988,-60.64524091484948,-18.138114097255777,33.68303138787008,-60.26790764069379,77.97271316797935,33.47345674241011
1.2020202020202013,0.43087253845048235,0.7445107821207824,-0.2393113296845371,2.5989927315059655,1.0036910974858602,-1.443509045323006,0.14020942367264105,-4.1123249659309264,-0.07787385725596767,-61.15595200323676,-17.325284659996367,33.96668592698077,-40.92463547114466,82.91539385296979,22.729991410572246
1.2121212121212115,0.457121622340211,0.7544363453840884,-0.25389035853977393,2.5972828931380905,0.9612830536897184,-1.4425593824251302,-0.47929181853969777,-4.283017814894338,0.26620392156296435,-61.47345760373553,-16.464101454376618,34.143032020907576,-22.013913942707802,87.54746412486854,12.226769442454858
1.2222222222222217,0.483321784781477,0.7639249865449083,-0.2684422158871197,2.589302498414609,0.917195555569022,-1.4381269838103463,-1.1010428632220768,-4.444780765905974,0.611531265368927,-61.60214825874015,-15.557680713733856,34.21450822498568,-3.540003511350016,91.87311945713626,1.9661571420827912
1.2323232323232318,0.5094096042896461,0.7729602046165254,-0.28293167673899056,2.5750383792712594,0.8715210594609537,-1.430204535791049,-1.7231588477868676,-4.597172435496893,0.9570613008254415,-61.546458586284274,-14.609096630822862,34.18357757464432,14.492629302313976,95.89648841166374,-8.04936473595504
1.242424242424242,0.535321621762298,0.7815264545056209,-0.2973234952144688,2.554496179650823,0.8243563239972913,-1.4187951730744988,-2.343799935132605,-4.739782283168635,1.3017721622442189,-61.310869361501936,-13.621382033690258,34.052728741473025,32.079311913020646,99.62163263877173,-17.817200986505714
1.2525252525252522,0.5609945281944978,0.7896091889034136,-0.3115825087984199,2.527699898310125,0.7758021006579879,-1.4039122248328217,-2.9611717903897197,-4.8722301969813975,1.644667256374986,-60.89990959808871,-12.597529061548965,33.82447718928792,49.215165670858184,103.0525468772112,-27.334641953852344
1.2626262626262623,0.5863653477512777,0.797194897072097,-0.3256737400219564,2.4946914267052347,0.7259628284762475,-1.3855789580393865,-3.5735260786912018,-4.994166085969224,1.9847755388727626,-60.31815862976275,-11.540489840652661,33.50136633019811,65.89510586126653,106.19315895416321,-36.598863531713945
1.2727272727272725,0.6113716161465393,0.8042711405681725,-0.33956249553603496,2.4555300817424968,0.6749463328261426,-1.36382831795361,-4.179160983968062,-5.105269479382196,2.3211518024425675,-59.5702481917258,-10.453177160170206,33.08596868067185,82.11384170503699,109.0473297852388,-45.606927163245544
1.2828282828282827,0.6359515542754485,0.8108265859435576,-0.3532144625487905,2.410292133183009,0.6228635282238074,-1.3387026656362269,-4.776421748769687,-5.20524913275566,2.6528769766615574,-58.66086450212454,-9.338465148060122,32.58088701760298,97.86587635831259,111.6188533744793,-54.35577984103819
1.2929292929292928,0.660044237045237,0.8168510344646689,-0.366595802596015,2.3590703254881933,0.5698281250732528,-1.3102535123770822,-5.363701235109051,-5.293842640806454,2.9790584394786253,-57.59475034351133,-8.199189946944966,31.988755534377116,113.14550691258788,113.91145681435592,-62.84225410711888
1.303030303030303,0.6835897573471982,0.8223354488889724,-0.3796732426129993,2.301973393894072,0.5159563402878383,-1.2785412509174825,-5.939440506332754,-5.37081605715615,3.298830340391396,-56.37670714430568,-7.038150389985858,31.312240996938055,127.94682439470905,115.92880028577002,-71.06306805295047
1.3131313131313131,0.7065293851104971,0.8272719773378029,-0.3924141632747638,2.2391255745018817,0.46136661171844345,-1.2436348833491577,-6.5021294300159935,-5.43596352088132,3.6113539353007127,-55.01159706025506,-5.858108676756837,30.55404389985399,142.2637137668739,117.67447705805326,-79.01482531943212
1.3232323232323233,0.7288057213762884,0.8316539743035537,-0.4047866845705118,2.170666108172659,0.4061793163193821,-1.2056117455718764,-7.050307301882294,-5.489106889890809,3.915817933042505,-53.50434505589608,-4.661791049119402,29.71689962238386,156.0898539266319,119.15201348896719,-86.69401509689858
1.3333333333333335,0.7503628473284828,0.8354760188286469,-0.4167597485769496,2.096748738013414,0.350516491983092,-1.1645572281917622,-7.582563490748197,-5.5300953811300175,4.21143885359714,-51.85994098601567,-3.4518884670968735,28.803579584543673,169.41871770688385,120.3648690247034,-94.09701212512086
1.3434343434343436,0.771146468215355,0.838733929892989,-0.42830319939392586,2.017541200242528,0.29450156297464813,-1.1205644937423578,-8.097538104492727,-5.5588052176122185,4.497461397976179,-50.083441677111985,-2.2310572847488648,27.81689240317272,182.24357187588237,121.3164361998837,-101.2200766933058
1.3535353535353538,0.7911040520940462,0.8414247790459312,-0.43938786020464926,1.9332247082219944,0.23825906889713533,-1.0737341901104822,-8.593922677051788,-5.5751392822768615,4.773158829786601,-48.17997300885579,-1.0019199260457436,26.75968504800002,194.55747713723167,122.01004063755992,-108.05935464009636
1.363636363636364,0.8101849633278682,0.8435469003180476,-0.44998560742155264,1.8439934294441545,0.181914397118921,-1.0241741600489254,-9.070460876437341,-5.579026778674912,5.037833368472423,-46.154731995551316,0.23293443925694324,25.634843997710497,206.35328812988752,122.44894104921421,-114.61087735357123
1.3737373737373741,0.8283405907641633,0.8450998974473517,-0.46006944187768384,1.7500539552605143,0.1255935185938715,-0.9719991466580313,-9.525949233781548,-5.570422898481204,5.290816594233796,-44.01298886759736,1.4709492197440222,24.445296396011322,217.62365342815716,122.6363292347586,-120.87056177124543
1.3838383838383843,0.8455244705183462,0.8460846484538779,-0.4696135570223058,1.6516247631403052,0.0694227270055443,-0.9173304947182075,-9.959237893405652,-5.54930849583379,5.531469864623536,-41.76008915294852,2.7095997264662546,23.194011207698246,228.36101554169963,122.57533008253499,-126.83421038006969
1.3939393939393945,0.861692403287587,0.8465033075958514,-0.47859340407820294,1.5489356712464124,0.013528381166408676,-0.8602958477554173,-10.369231383913823,-5.5156897685003345,5.759184742821065,-39.40145575857611,3.94639249706591,21.884000374721833,238.55761091552543,122.26900156931595,-132.49751121643078
1.4040404040404046,0.8768025661154651,0.8463593047399804,-0.4869857541169964,1.4422272851162727,-0.0419633493968761,-0.8010288407216942,-10.754889410311774,-5.469597945871487,5.973383437583796,-36.94259105192957,5.178864619902249,20.518319972253913,248.20546992999692,121.72033476030374,-137.85603786615152
1.4141414141414148,0.8908156185267776,0.8456573421777056,-0.49476875700757716,1.3317504362353987,-0.09692673574108301,-0.7396687881727186,-11.11522766715034,-5.4110889837812985,6.1735192548759885,-34.389078942397134,6.404583058177182,19.100071364753678,257.29641690082747,120.93225380913071,-142.90524946449065
1.424242424242425,0.9036948029495286,0.8444033889185373,-0.5019219971915818,1.2177656122911542,-0.15123673775588747,-0.6763603678245252,-11.449318672693787,-5.340243266154647,6.359077061175004,-31.74658696276726,7.621143974060748,17.632402362034124,265.82207007908255,119.90761595785953,-147.64049069614293
1.4343434343434351,0.9154060393389961,0.842604672490931,-0.5084265462386358,1.100542378894375,-0.20476924943416816,-0.6112532993713544,-11.756292624113113,-5.25716531348165,6.529573758455011,-29.020868350689543,8.826172052816707,16.118508375328354,273.773841651179,118.64921153698268,-152.05699179523907
1.4444444444444453,0.9259180139166154,0.8402696682804421,-0.5142650121329025,0.9803587925565134,-0.25740134123207464,-0.5445020184467264,-12.035338273704124,-5.161983498119145,6.684558770848128,-26.21776413013591,10.017319826928086,14.561633573355792,281.1429377388855,117.15976396542304,-156.14986854534575
1.4545454545454555,0.9352022619342845,0.8374080864342017,-0.5194215852412846,0.8575008047098996,-0.3090114995878361,-0.4762653456097606,-12.285703826130339,-5.054849766419127,6.823614542983018,-23.343205192861753,11.192267000222724,12.965072038388598,287.9203583993222,115.44192975053342,-159.91412227946566
1.4646464646464656,0.9432332443725369,0.8340308563600755,-0.5238820809124312,0.7322616565587513,-0.35947986366826734,-0.4067061502388008,-12.506697856690957,-4.935939367684244,6.946357050000893,-20.403214379866704,12.348719771998907,11.332168922317885,294.09689762496066,113.49829848809652,-163.34463988003742
1.4747474747474758,0.9499884184788996,0.8301501088481524,-0.5276339786545142,0.6049412645485651,-0.40868845941192883,-0.3359910092143757,-12.69769025061333,-4.805450589950288,7.052436319248974,-17.403908562856273,13.48441016115078,9.666321602720032,299.6631433436242,111.33139286232563,-166.4361937789357
1.484848484848486,0.955448302050591,0.825779155841524,-0.5306664578385444,0.47584559624153716,-0.4565214309379047,-0.2642898602735692,-12.858113163370666,-4.66360450259569,7.1415369636513795,-14.351500725702488,14.597095330294021,7.970980838923023,304.60947741848787,108.9436686458638,-169.18344195747113
1.4949494949494961,0.959596531363586,0.820932467882617,-0.5329704298728093,0.3452860363855855,-0.5028652693891565,-0.19177564991781054,-12.987462002024339,-4.510644705778059,7.213378726757469,-11.252302045905195,15.684556909891386,6.249651928072769,308.9260756480778,106.33751469978417,-171.58092794639037
1.5050505050505063,0.9624199126479148,0.8156256492606432,-0.5345385667928171,0.2135787429646645,-0.547609039279414,-0.1186239757561611,-13.085296427591173,-4.3468370866977075,7.267717039467591,-8.112723976053019,16.744600322378144,4.505895861199363,312.60290776627255,103.51525297359005,-173.6230808258759
1.5151515151515165,0.9639084670069268,0.8098754108850343,-0.5353653262099503,0.08104399301796783,-0.5906446024125546,-0.04501272316612831,-13.151241378435568,-4.172469582688207,7.3043435884363195,-4.939280325284687,17.775054106287826,2.7433304792833626,315.6297374423015,100.47913850521488,-175.30421522554627
1.5252525252525266,0.9640554686760991,0.8036995409090374,-0.5354469725608256,-0.05199448198436973,-0.6318668394434496,0.028878303845947105,-13.184988114686435,-3.9878519511339734,7.323086896153071,-1.738589340749816,18.773769240377675,0.9656316293221461,317.99612228074614,97.23135942102198,-176.61853132445611
1.5353535353535368,0.9628574765148339,0.7971168731269385,-0.5347815945981851,-0.18521017142138493,-0.6711738691492113,0.10286775770287467,-13.18629528367908,-3.7933155462147985,7.3238129127001725,1.4826242109296466,19.73861846775415,-0.8234656796038173,319.691413821539,93.77403693580514,-177.5601148510958
1.545454545454547,0.9603143586225293,0.7901472531677037,-0.5333691190629325,-0.3182744716696735,-0.7084672654798312,0.1767731283509418,-13.15499000642184,-3.5892131024775025,7.306425619188422,4.717526962198554,20.667495619998565,-2.6201661202645266,320.70475753996516,90.10922535278819,-178.12293708339212
1.5555555555555571,0.9564293099680782,0.7828115025071132,-0.5312113204757473,-0.45085738333232334,-0.743652272457135,0.2504111305085058,-13.090968985087736,-3.3759185252344928,7.270867642870023,7.959174863107648,21.558314941292736,-4.420612891214515,321.02509284665985,86.23891206362438,-178.30085484870713
1.5656565656565673,0.9512088629197896,0.7751313803197732,-0.5283118269855223,-0.5826282197608529,-0.7766380169910463,0.3235980971868482,-12.994199631530753,-3.1538266877894454,7.217120883928957,11.20051109985195,22.40901041254427,-6.220886560726119,320.64115308761154,82.1650175483979,-178.08761052383966
1.5757575757575775,0.9446628905605985,0.7671295431917001,-0.5246761222106656,-0.7132563270824723,-0.8073377196820911,0.39615037960119825,-12.86472121682719,-2.9233532354898846,7.145207153948848,14.434364013310052,23.217535075512362,-8.017003910723353,319.5414655441586,77.88939537562275,-177.47683203502402
1.5858585858585876,0.9368046026712683,0.7588295027134644,-0.520311543008128,-0.8424118159450891,-0.8356689036791332,0.46788475358993364,-12.702646041841811,-2.684934396606873,7.055188826058201,17.653445017582783,23.98186035693323,-9.804916780715622,317.71435143299306,73.41383220224293,-176.46203285793067
1.5959595959595978,0.9276505342621565,0.7502555809731948,-0.515227273103821,-0.9697663051923406,-0.8615536016612628,0.5386188326598473,-12.508160628818779,-2.4390268000416744,6.9471694967531015,20.85034651853256,24.699975392645733,-11.58051091173148,315.1479259061563,68.74004777363261,-175.03661201766585
1.606060606060608,0.9172205265319665,0.7414328639680358,-0.5094343325168973,-1.09499367768115,-0.8849185610128342,0.6081714877754991,-12.281526933997554,-2.186107299859442,6.821294659397432,24.01753983232179,25.369886351716918,-13.339604790252292,311.83009805104285,63.869694923596015,-173.19385408877213
1.6161616161616181,0.9055377001297518,0.7323871529519718,-0.5029455627091772,-1.2177708484540763,-0.9056954472605865,0.6763632740105536,-12.023083581253601,-1.926672806649882,6.677752389400337,27.147373103951878,25.989615760567517,-15.077948492145627,307.74857089039824,58.80435957436733,-170.92692919522796
1.6262626262626283,0.8926284205943238,0.7231449137372107,-0.495775607389816,-1.3377785454788809,-0.9238210458418252,0.7430168641790978,-11.73324711676388,-1.6612401257149991,6.516774041071304,30.232069225802476,26.55720182709758,-16.791222526599547,302.8908413823199,53.54556073661127,-168.22889301044728
1.6363636363636385,0.878522255843025,0.7137332239656503,-0.48794088890410275,-1.4547021031676557,-0.9392374622726025,0.8079574895648624,-11.412513284697427,-1.390345802083847,6.338634956152649,33.26372375616988,27.070697764812028,-18.475036680055794,297.2442004202563,48.09475050942217,-165.0926867572809
1.6464646464646486,0.8632519255797283,0.7041797183662282,-0.47945958013411005,-1.568232268887925,-0.9518923207848903,0.8710133878663258,-11.061458323930474,-1.1145459723541826,6.143655184029347,36.23430283780651,27.528171116946105,-20.12492886014369,290.79573283300806,42.45331408032466,-161.5111372080148
1.6565656565656588,0.8468532424897433,0.6945125320132839,-0.47035157183770027,-1.6780660226780382,-0.9617389615016647,0.932016258475623,-10.680740285786747,-0.8344162233613159,5.932200213616375,39.13564111645885,27.927703080591073,-21.73636393961378,283.53231738472726,36.622569725273664,-157.47695668437137
1.666666666666669,0.8293650450871956,0.6847602416003437,-0.46063843535122173,-1.7839074103792696,-0.9687366362188908,0.9908017252092649,-10.27110037280237,-0.5505514576738524,5.704681716923496,41.95943965940802,28.26738783081973,-23.304732600271745,275.4406267749175,30.603768808653683,-152.9827430575088
1.6767676767676791,0.8108291220782649,0.6749518047430545,-0.4503433805800286,-1.8854683903970046,-0.9728507028633684,1.0472098066085498,-9.833364298515768,-0.2635657659164068,5.4615583042974585,44.69726387400665,28.54533184481181,-24.825350176911634,266.50712763843364,24.398095783279956,-148.02097974802152
1.6868686868686893,0.7912901281015624,0.6651164973242997,-0.43949120919975465,-1.982469694303316,-0.9740528186953683,1.1010853939276934,-9.368443668282456,0.025907694080476662,5.20333629134166,47.340541426219296,28.75965322597986,-26.293455501250044,256.7180805454832,18.006668190397214,-142.58403572593966
1.6969696969696995,0.7707954907047426,0.6552838488938155,-0.42810826299011395,-2.074641701493395,-0.9723211323250468,1.1522787369275818,-8.877337381114485,0.31721681130360546,4.930570477513143,49.88056015916092,28.90848102809443,-27.70420974585955,246.05954000162367,11.430536659680598,-136.6641655107293
1.7070707070707096,0.7493953084143402,0.6454835761339518,-0.4162223672217613,-2.161725328108108,-0.9676404746116134,1.2006459375931318,-8.361133052544972,0.6096906287532591,4.643864936397213,52.308466011635346,28.989954579409943,-29.052695268102426,234.5173544477659,4.670684909235618,-130.25350917129265
1.7171717171717198,0.7271422397536349,0.6357455144025146,-0.4038627690156073,-2.2434729304351997,-0.9600025485141461,1.246049451892174,-7.821008458517543,0.9026394438123422,4.3438738176593485,54.61526093667494,29.002222806790066,-30.333914454064537,222.07716626017077,-2.271970254402973,-123.3440923259681
1.72727272727273,0.7040913830612451,0.6260995473629186,-0.39106007059274067,-2.3196492230013392,-0.9494061179630968,1.2883585996938751,-7.258233000300196,1.195354901788637,4.031302160674543,56.79180082007886,28.943443559833323,-31.542788562488678,208.72441175045216,-9.396578936269307,-115.92782614252988
1.7373737373737401,0.6803001469609617,0.6165755347112132,-0.37784615733196075,-2.390032211567472,-0.935857195821379,1.3274500829645794,-6.674169190424592,1.487110082629707,3.7069067198342927,58.828793398952286,28.81178293499865,-32.67415656870861,194.44432116557428,-16.70235815296809,-107.99650733818766
1.7474747474747503,0.6558281113312339,0.607203238008811,-0.36425412055070105,-2.4544141412399183,-0.9193692310040429,1.3632085123590851,-6.070274159649729,1.7771595808112643,3.3714968015305753,60.71679618024522,28.605414599730818,-33.72277400858255,179.22191868785387,-24.18859183267398,-99.54181817958778
1.7575757575757605,0.6307368786205336,0.5980122446290841,-0.3503181749239587,-2.5126024599093966,-0.8999632948254717,1.3955269423252563,-5.448101184950951,2.064739578398062,3.025935112817924,62.44621435929154,28.32251911658645,-34.683311822427,163.04202243495843,-31.854630815130932,-90.55532648281235
1.7676767676767706,0.6050899153527101,0.5890318898252707,-0.3360735704546237,-2.5644207972305897,-0.8776682666430563,1.4243074148400112,-4.809301238533301,2.3490679112781248,2.6711386217522675,64.00729873834763,27.961283267358876,-35.55035519895038,145.8892444599079,-39.69989285165332,-81.02848561337942
1.7777777777777808,0.5789523836642707,0.5802911769264618,-0.32155649890744964,-2.60970995935438,-0.852521018866351,1.4494615118944774,-4.15562455787013,2.629344128569713,2.3080794294075937,65.39014364513169,27.51989937720436,-36.318402419186654,127.74799075107347,-47.72386260512545,-70.952634486243
1.787878787878791,0.5523909627134188,0.5718186956677196,-0.3068039946176645,-2.648328939625363,-0.8245666014005887,1.4709109168465067,-3.4889222367662374,2.904749545201435,1.93778565357003,66.58468485136174,26.996564638767083,-36.98186370042902,108.60246123217797,-55.92609165000121,-60.31899756579321
1.7979797979798011,0.5254736597984995,0.5636425386596976,-0.2918538295840914,-2.6801559454567716,-0.7938584255936257,1.4885879847582424,-2.811147837446407,3.174447287665283,1.561342324109297,67.58069749129626,26.389480436305185,-37.53506004016401,88.43664976229559,-64.30619847230444,-49.11868486585607
1.8080808080808113,0.4982696110213595,0.5557902160024272,-0.2767444027553978,-2.705089441595442,-0.7604584477551617,1.5024363218369161,-2.124359023668033,3.4375823329426707,1.179892290027409,68.36779398027095,25.696851669816006,-37.9722220600045,67.23434413585193,-72.86386846962908,-37.3426919496934
1.8181818181818215,0.4708488713290301,0.5482885680472478,-0.26151462341693205,-2.723049209988888,-0.7244373523172547,1.5124113740966592,-1.4307192148593773,3.693281540603338,0.7946371381853536,68.93542193323952,24.916886079161845,-38.287488849624125,44.97912608262516,-81.59885395113947,-24.981899930003237
1.8282828282828316,0.4432821937649086,0.5411636763101474,-0.24620378858442638,-2.7339774264671775,-0.6858747347051224,1.5184810253593994,-0.7324992612820189,3.940653678077527,0.4068381237064669,69.27286208331114,24.04779356819531,-38.47490681069026,21.654371267743727,-90.51097413756848,-12.027075468919861
1.8383838383838418,0.41564079775856744,0.5344407725391002,-0.23085145430960596,-2.737839754451783,-0.644859283987095,1.5206262047127435,-0.032079140218778335,4.178789439100794,0.017817112057913143,69.36922620029034,23.08778552888494,-38.528428500798256,-2.7567507083108467,-99.60011516121988,1.531129221987328
1.848484848484852,0.38799612628112284,0.5281441459372812,-0.21549730080162666,-2.7346264559038014,-0.6014889653728139,1.5188415035428178,0.6680503268141482,4.406761455332178,-0.3710424671908301,69.21345500921548,22.035074165440918,-38.441911477404894,-28.271276309707048,-108.86623006596716,15.702176381711865
1.8585858585858621,0.3604195916909077,0.5222970485433369,-0.2001809912669646,-2.724353519723917,-0.5558712026284287,1.5131358022599533,1.3652857358294241,4.623624301144833,-0.7582946549317207,68.79431610889783,20.887871818440722,-38.20911714176249,-54.90644806526001,-118.30933880725405,30.49564269981235
1.8686868686868723,0.3329823100921555,0.5169215987692082,-0.18494202436933505,-2.7070638078166187,-0.5081230604780382,1.503532906835324,2.0569093411067705,4.828414491590308,-1.1424299854049247,68.1004018904601,19.644390288953794,-37.82370958285161,-82.6797145684352,-127.92952825209346,45.92121931641074
1.8787878787878824,0.30575482402717596,0.5120386830952952,-0.16981958020987153,-2.6828282190308075,-0.45837142706004647,1.4900721952663178,2.740087274905603,5.020150473535277,-1.5218744974074827,67.12012745587606,18.30284016266856,-37.27925442131595,-111.60873047734475,-137.72695217906866,61.98871182219318
1.8888888888888926,0.27880681332034973,0.5076678559220659,-0.15485235972672154,-2.65174687118927,-0.4067531965075919,1.4728092740886947,3.4118677461534634,5.1978326099715035,-1.8949887338253228,65.84172853650811,16.861430134016654,-36.5692176533951,-141.7113565147505,-147.70183127833286,78.7080402584098
1.8989898989899028,0.25220679389021916,0.5038272375764858,-0.1400784174119718,-2.6139503014196572,-0.35341545172194044,1.4518166450534908,4.069179218108864,5.360443157498705,-2.260066729487101,64.2532594116481,15.318366330299394,-35.68696449485904,-173.0056594680613,-157.85445315160877,96.08923911687461
1.909090909090913,0.22602180434363617,0.5005334104710026,-0.1255349872426161,-2.569600684998662,-0.29851564740776626,1.4271843820865209,4.708828564999701,5.506946236980459,-2.6153349873411305,62.342590827055076,13.671851635812736,-34.625758224941,-205.50991218933694,-168.18517231219005,114.14245733996643
1.9191919191919231,0.20031708016404673,0.49780131341207523,-0.11125830172113943,-2.5188930729225962,-0.2422217934393447,1.3990208186486166,5.327499207637155,5.63628779737307,-2.9589514429546018,60.09740791349394,11.920085015973065,-33.37875903027203,-239.24259359528173,-178.69441018493856,132.87795832062673
1.9292929292929333,0.17515571530350366,0.49564413405454366,-0.09728340392003204,-2.4620566484162354,-0.18471263862663023,1.3674532456143735,5.921749228003861,5.747395572727377,-3.2890044173354998,57.50520810527442,10.061260841442895,-31.93902284881365,-274.22238866725195,-189.38265510628761,152.30611990236216
1.9393939393939434,0.15059831098618115,0.4940731994974842,-0.08364395242339509,-2.399356002592165,-0.12617785495001466,1.3326286197873707,6.488009462817953,5.839179032363676,-3.603511558076983,54.5532990587912,8.09356821225608,-30.29950021379281,-310.46818845125154,-200.25046232423978,172.437434379243
1.9494949494949536,0.12670261152880358,0.4930978650164356,-0.07037201905763299,-2.331092429473566,-0.0668182223330126,1.294714283170053,7.022581576071829,5.910529324219496,-3.9004187688243466,51.22879657106097,6.0151902819438945,-28.45303509763447,-347.99909005793,-211.2984539983672,193.2825084959032
1.9595959595959638,0.10352312698137228,0.49272540092623535,-0.05749787930195285,-2.257605240592399,-0.006845814021544161,1.253898693105903,7.521636110546442,5.960319211370287,-4.177599127064591,47.51862249826338,3.8243035816596915,-26.392363755895985,-386.83439666259,-222.527319199813,214.85206344754164
1.969696969696974,0.08111074238933236,0.4929608775679884,-0.04504979526831904,-2.179273099375297,0.053515817361063034,1.210392163412045,7.9812105183002835,5.987403001723497,-4.432851790238631,43.40950267427789,1.51907734430565,-24.1101135712003,-426.9936175051778,-233.93781391128906,237.15693487992013
1.979797979797984,0.05951231347629021,0.49380704841296946,-0.03305379113917009,-2.096515375529919,0.11403145301436779,1.1644276166202383,8.397207170133818,5.9906164708850325,-4.663900890175817,38.88796482922379,-0.9023271713424066,-21.598801897170205,-468.49646789029214,-245.53076102707732,260.2080728893649
1.9898989898989943,0.03877024854413974,0.4952642312756378,-0.021533420950194282,-2.0097935196436865,0.17445402034760615,1.1162613474441327,8.765391344028878,5.968776778199201,-4.868394415851265,33.94033650799926,-3.4417573565098536,-18.850834902361512,-511.36286918717735,-257.30705035303066,284.01654202276706
2.0000000000000044,0.018922076385352538,0.49733018762714176,-0.010509528604071228,-1.919612458207717,0.23452440448385636,1.0661737975907917,9.08138919256361,5.920682375961512,-5.04390308446558,28.552742988820086,-6.101069928296575,-15.858506414197166,-555.6129488297275,-269.26763860657076,308.59352127758035
2.0101010101010144,1.393885007416884e-13,0.5000000000000986,-7.954747971439247e-14,-1.8265220092779386,0.29397125881267594,1.0144703420344663,9.340685689301718,5.845112911804172,-5.18791920084729,22.711105201757817,-8.882131605552374,-12.61399676290057,-601.267040316485,-281.4135494166895,333.95030410182324
2.0202020202020243,8.527618380235447e-14,0.5000000000000598,-4.7363623114819825e-14,-1.8265220092778984,0.2939712588126939,1.014470342034452,9.340685689301724,5.845112911804142,-5.187919200847229,22.71110520175818,-8.882131605552267,-12.613996762900598,-601.2670403164844,-281.4135494166893,333.9503041018236
2.0303030303030343,-0.017969556609974784,0.5032659507291065,0.009980488681709556,-1.7311146155792951,0.3525124243238185,0.9614800299577465,9.540089208435644,5.74146591038971,-5.298670101038902,16.83678708882612,-11.598037940439605,-9.351336100206764,-562.0654378173382,-256.50284232266074,312.177304426127
2.040404040404044,-0.034966221692581775,0.5071174830013504,0.019420622746707878,-1.6339860467488214,0.4098723339222923,0.9075337583466923,9.682133937975648,5.611639376928872,-5.377563300835211,11.35188185835643,-14.067350694439893,-6.30495962037907,-524.1605377537048,-232.58515127986973,291.1245074948803
2.050505050505054,-0.050975469482821174,0.5115413713124951,0.028312334425891317,-1.5356960405449729,0.465798958082294,0.8529424116871094,9.770687471080059,5.458073789420702,-5.426746903864927,6.2433750792790725,-16.30001341932662,-3.4676389657639897,-487.5357743525387,-209.643270374883,270.78271249617364
2.060606060606064,-0.06598823305475507,0.5165219672064117,0.03665058784920038,-1.436765929212342,0.5200644142532896,0.7979955436214754,9.809486788976217,5.283110063410774,-5.448296470458858,1.4984202047129696,-18.30579595879485,-0.8322390234265459,-452.17447231747053,-187.66001132159894,251.1426577876429
2.070707070707074,-0.08000052302124767,0.5220414381346112,0.0444331672672764,-1.3376799502105965,0.572463970037408,0.742962104942163,9.80213996234774,5.088991305718952,-5.444215962618966,-2.895660321737782,-20.094294626515005,1.608281460400646,-418.0598468288069,-166.6182034612478,232.19502089646957
2.080808080808084,-0.09301305938649101,0.528079996336238,0.05166047257831938,-1.2388865397012887,0.6228150640721569,0.68809116200819,9.752127863896439,4.877864566368667,-5.416438695194054,-6.951373959687724,-21.674932384186782,3.8608692658683488,-385.1750035435312,-146.50069376239136,213.930418519381
2.090909090909094,-0.1050309163764969,0.534616117917333,0.058335322063050705,-1.1407996086796157,0.67095634460031,0.6336126055227875,9.662805892079023,4.6517825887176585,-5.366828293261996,-10.681056965673854,-23.05695901959298,5.932376085061674,-353.50293859530296,-127.29034682092322,196.33940652265
2.101010101010104,-0.11606318007168223,0.5416267523079361,0.0644627622300985,-1.0437998016382686,0.7167467257087978,0.5797378496090942,9.537405706018442,4.412705557790195,-5.297179655718527,-14.096873286859372,-24.249451324653364,7.829557907551037,-323.0265385944579,-108.97004486006868,179.41247994209525
2.111111111111114,-0.12612261866453342,0.5490875222754088,0.07004988467349078,-0.9482357376504799,0.7600644612184388,0.5266605211212854,9.37903697158997,4.162502846810779,-5.209219925072582,-17.210813454737554,-25.261313273478518,9.559074405943136,-293.7285806280083,-91.52268773038476,163.14007298308107
2.1212121212121238,-0.13522536516419648,0.5569729146721751,0.07510564984330688,-0.854425233759403,0.8008062362063392,0.4745571391284401,9.190689118682009,3.9029547619393057,-5.1046094634482095,-20.0346934788355,-26.101276200423698,11.127488321431906,-265.5917322596424,-74.93119290976006,147.51255902051733
2.1313131313131337,-0.14339061236869818,0.5652564620958986,0.07964071762990636,-0.7626565105609447,0.8388862761427989,0.42358778450846213,8.975233109631557,3.6357542852077342,-4.984942834793018,-22.580153740417963,-26.77789897814271,12.541264849349506,-238.59855152972517,-59.1784955034151,132.5202505988598
2.1414141414141437,-0.15064031992436516,0.5739109156399321,0.08366728466151938,-0.6731893798671733,0.8742354736245533,0.37389675958935137,8.735423218834447,3.362508815658197,-4.851749793293195,-24.858657886191114,-27.299568195641694,13.806771024717253,-212.73148695529764,-44.24754824390194,118.15339943210985
2.1515151515151536,-0.1569989332908649,0.5829084089116782,0.08719892821435074,-0.5862564143374303,0.906800532686187,0.3256132377751426,8.473898823530233,3.0847419086826138,-4.706496277995076,-26.881491722006412,-27.6744983363331,14.930275107796632,-187.97287753007717,-30.12132149110445,104.40219640381441
2.1616161616161635,-0.16249311442915604,0.5922206134963396,0.09025045663371542,-0.5020640989642652,0.9365431306715485,0.27885190309381586,8.193186205761844,2.803895013563764,-4.550585413633264,-28.65976210656433,-27.91073195608944,15.9179459696402,-164.30495272445745,-16.782803232238148,91.25677156706624
2.1717171717171735,-0.16715148402849186,0.6018188860433288,0.09283776616409141,-0.4207939643013238,0.9634390976470038,0.23371357960448289,7.895700365509895,2.521329209217847,-4.385358517665322,-30.204395845118178,-28.016139861297184,16.775852477642637,-141.70983248550874,-4.214999081850308,78.7071941445038
2.1818181818181834,-0.17100437508748273,0.6116744071524469,0.09497770408534115,-0.34260370132030415,0.9874776133383579,0.1902858506011613,7.583746845001744,2.2383269381385076,-4.212096113512994,-31.52613858317794,-27.99842128691059,17.50996288109163,-120.169527236977,7.599067718180142,66.74347252831114
2.1919191919191934,-0.1740835976630827,0.6217583122367362,0.09668793805171977,-0.2676282577841178,1.008660421573282,0.14864366755044336,7.259523564195231,1.9560937385423482,-4.032018950010007,-32.635553700214075,-27.865104074505634,18.126144196718894,-99.66593787928511,18.676356298642467,55.355554280218065
2.2020202020202033,-0.1764222146002245,0.6320418145387457,0.09798683152965713,-0.1959809160233678,1.027001062211072,0.10884994870036503,6.925122667437154,1.6757599747159175,-3.8462890270564274,-33.5430212033612,-27.623544850333758,18.630161594251117,-80.18085578953219,29.03380816299435,44.533326131500004
2.2121212121212133,-0.17805432805368795,0.6424963204767552,0.09889332522966326,-0.1277543520032752,1.0425241205415787,0.07095616729778323,6.582532381296425,1.3983825655641553,-3.6560106274795428,-34.2587366211221,-27.280929203375806,19.0276777819609,-61.69596282149319,38.688347187361636,34.266613982978136
2.222222222222223,-0.17901487661264684,0.6530935374973189,0.09942682442707847,-0.06302167556817555,1.0552644941351408,0.035002929351571496,6.233638883571963,1.1249467113603449,-3.4622313551013493,-34.792709897071305,-26.84427186339585,19.32425239221782,-44.19283130561997,47.656879620538575,24.545182905019193
2.232323232323233,-0.1793394428371975,0.6638055746103169,0.09960709206575175,-0.0018374517507109749,1.0652666771253503,0.0010205408789376361,5.880228183475268,0.8563676186975181,-3.2659431790125466,-35.154764283559096,-26.32041687899505,19.52534136703926,-27.652924049040276,55.9562940839876,15.358737137535893
2.242424242424243,-0.1790640710150343,0.6746050357825047,0.09945414753810106,0.055761296967161304,1.0725840619064886,-0.03097043542782714,5.523988012987732,0.5934922236413445,-3.0680834840531204,-35.35453523541514,-25.716037795665525,19.636296343641494,-12.057594335558335,63.6034615718396,6.696920089986256
2.252525252525253,-0.17822509494529537,0.6854651063653788,0.09898817103437375,0.10975410755421461,1.0772782582274631,-0.0609586341768584,5.166509729392634,0.33710091308449336,-2.869536127499463,-35.40146930365236,-25.03763783384415,19.66236403999057,2.611914074345076,70.61523545089345,-1.4506856586257064
2.262626262626263,-0.17685897555546365,0.6963596327329892,0.09822941335329365,0.16013611260393404,1.0794184296640756,-0.0889413519571849,4.809290228981866,0.08790924430248827,-2.6711325019580725,-35.30482302917083,-24.291550066966494,19.608685640353322,16.37446694351332,77.00845146061675,-9.094558359750469
2.272727272727273,-0.17500214815606463,0.7072631953051416,0.0971981110656462,0.20691709589530385,1.079080647451464,-0.11492402278683898,4.453733871937346,-0.15343033728899835,-2.4736526044657747,-35.07366183646137,-23.483937599520633,19.48029618084836,29.249039558113292,82.79992771314495,-16.24523709529279
2.282828282828283,-0.1726908791367675,0.7181511751312588,0.09591440692172229,0.2501205674532837,1.0763472616585383,-0.13891970439130638,4.101154418387164,-0.38632678217532906,-2.2778261117965277,-34.71685892730946,-22.620793745100983,19.282123934996932,41.25471672763516,88.00646469328198,-22.913321777611706
2.292929292929293,-0.16996113190635054,0.7289998142099764,0.09439827539290575,0.28978285822183847,1.071306289686254,-0.16094857537500623,3.7527769756364204,-0.6102487225826456,-2.084333461974776,-34.24309417449917,-21.707942204462228,19.018989799274035,52.410692784893484,92.64484525850023,-29.1094731495206
2.3030303030303028,-0.16684844187785472,0.7397862697193713,0.09266945323705761,0.3259522344624123,1.064050822071551,-0.18103744334849736,3.4097399565727655,-0.8247227601161171,-1.8938069419953465,-33.66085301551668,-20.751037243573037,18.695606678659207,62.736271586026064,96.73183463894001,-34.8444127842872
2.3131313131313127,-0.16338780029911015,0.7504886623325357,0.09074737497671707,0.35868803199070864,1.054678445578793,-0.19921926407409601,3.07309704924669,-1.0293317551967194,-1.706831781749934,-32.978425346254355,-19.75556387167015,18.316578872187755,72.25086651049428,100.28418043741038,-40.12892308563341
2.3232323232323226,-0.1596135467276747,0.7610861187930266,0.08865111317850433,0.38805981036466347,1.0432906835605393,-0.21553267169260787,2.7438191976264554,-1.2237131182965415,-1.5239472541600836,-32.203904414714295,-18.72683801931194,17.886401458501386,80.97400046108358,103.3186126293882,-44.97384728773552
2.3333333333333326,-0.1555592699480925,0.7715588089245353,0.08639932342147946,0.41414652713647676,1.0299924535694818,-0.23002152009385354,2.4227965935278135,-1.4075571029726004,-1.3456477815168153,-31.345185714712425,-17.67000671643257,17.40945968139948,88.92530586390308,105.85184356301895,-49.39008945522425
2.3434343434343425,-0.15125771712823005,0.7818879772489411,0.08401019384157639,0.437035732281586,1.014891542203384,-0.24273443549369558,2.110840679718358,-1.5806051006991966,-1.172384048026707,-30.40996587958196,-16.590048270395606,16.89002833538983,96.12452466838485,107.90056795911636,-53.38861448318449
2.3535353535353525,-0.14674071101031605,0.7920559693867261,0.0815013991385982,0.45682278291746187,0.9980980971648485,-0.25372438028024635,1.80868616419665,-1.7426479374987898,-1.0045641185646081,-29.405741575877542,-15.491772444047976,16.33227115123976,102.59150834728567,109.48146291116225,-56.9804480971555
2.3636363636363624,-0.14203907493116488,0.8020462534135497,0.07889005893162795,0.47361007842508146,0.979724136517752,-0.2630482281919547,1.5169930456460183,-1.8935241723713936,-0.8425545636328872,-28.33980839707879,-14.379820633773889,15.740240181526998,108.34621789668552,110.61118788530696,-60.176676853130836
2.3737373737373724,-0.13718256546492705,0.8118434363465904,0.0761927003480742,0.4875063160859843,0.9598830751221789,-0.2707663508902658,1.2363486500630616,-2.0331183975224856,-0.6866815905272077,-27.21925975729425,-13.258666047548544,15.117875186190743,113.40872383598787,111.30638472036911,-62.98844813755851
2.3838383838383823,-0.1321998124805686,0.8214332759340877,0.07342522473093746,0.49862576734775454,0.9386892682296843,-0.2769422159895431,0.967269678560884,-2.1613595403894723,-0.5372321807089021,-26.05098578496508,-12.132613882992098,14.469003018082507,117.79920620792004,111.58367762783551,-65.42697016734058
2.3939393939393923,-0.12711826640514057,0.8308026879213262,0.07060287834825239,0.5070875748308423,0.9162575722207256,-0.2816419966069447,0.7102042663470177,-2.2782191674666468,-0.3944552333838736,-24.841672216568966,-11.005801505423458,13.797337008517106,121.53795457853352,111.45967319186106,-67.50351198983357
2.404040404040402,-0.12196415248276066,0.8399397489661232,0.06774022698802509,0.5130150701895617,0.8927029224660864,-0.28493419249495155,0.46553405287608907,-2.3837097899286652,-0.25856271528805974,-23.59779929032372,-9.882198625914208,13.10647635282373,124.64536803720256,110.95096036926944,-69.22940348284837
2.414141414141412,-0.11676243181808889,0.8488336953767015,0.06485113432135216,0.5165351129401711,0.868139928294137,-0.2868892628192333,0.23357626317714628,-2.4778831710525937,-0.1297308166794774,-22.325640639891553,-8.765607479342401,12.39990549589693,127.14195519662593,110.07411048955235,-70.61603535465034
2.424242424242422,-0.1115367689919369,0.8574749178446356,0.061948743915775234,0.5177774503688879,0.8426824850457507,-0.2875792706445471,0.014585800355741238,-2.5608286354384293,-0.00810111353675843,-21.031262188082113,-7.659663002446446,11.68099351774724,129.0483341928254,108.84567725486963,-71.67485914395844
2.434343434343432,-0.10630950603551581,0.8658549523453875,0.05904546478029334,0.5168740986327465,0.8164434031987287,-0.2870775391913687,-0.19124265072933117,-2.6326713800281563,0.10621826403567111,-19.720521040557166,-6.567833011878892,10.952993519052658,130.38523268514734,107.2821967400497,-72.4173872199467
2.444444444444442,-0.10110164254867762,0.8739664673787579,0.056152960322815665,0.5139587451661299,0.7895340545435431,-0.2854583199259304,-0.3837725086145317,-2.6935707869233516,0.21315145719592613,-18.399064379533637,-5.493418382260469,10.219042006709154,131.1734878562608,105.40018739258898,-72.85519278224325
2.454545454545452,-0.09593282174637846,0.8818032477213958,0.053282140600214856,0.509166172505891,0.7620640353922513,-0.28279647254638346,-0.5629231692053622,-2.7437187380012786,0.31265369754642297,-17.072328357487848,-4.439553224233657,9.482158279382052,131.43404641215878,103.21615003265237,-72.9999098609305
2.464646464646462,-0.09082132221643754,0.8893601748633266,0.05044315774049558,0.5026317036479213,0.7341408468024037,-0.2791671569277492,-0.7286678685755424,-2.7833379313295414,0.4047101201090435,-15.74553699085936,-3.409205062516855,8.745243813056552,131.1879645821587,100.74656785307353,-72.86323331654525
2.474747474747472,-0.08578405517053629,0.8966332043002783,0.047645404415969705,0.4944906690480474,0.7058695917977776,-0.27464553708838046,-0.8810315345913301,-2.812680199379237,0.4893345700938392,-14.423701053754218,-2.405175013957974,8.011081646589119,130.4564081189005,98.0079064193532,-72.45691884007826
2.4848484848484818,-0.08083656696925717,0.9036193398533973,0.04489751524568992,0.48487789538010834,0.6773526895677815,-0.269306497240598,-1.0200886273612455,-2.8320248290366092,0.566568403461035,-13.111616971649404,-1.4300979655884545,7.282335767258065,129.26065229834882,95.01661366966101,-71.792782952975
2.4949494949494917,-0.07599304670082256,0.910316605187761,0.04220737100476504,0.47392721616415323,0.648689606627346,-0.2632243699882186,-1.1459609685110563,-2.841676883413288,0.6364792812766252,-11.813865715096588,-0.4864427526771603,6.561550496314889,127.62208191979204,91.7891199148358,-70.88270300713538
2.5050505050505016,-0.0712663385920509,0.9167240127009224,0.03958210551754131,0.4617710043775495,0.6199766049191493,-0.2564726767336476,-1.258815559283959,-2.841965525455021,0.6991599578613173,-10.53481169342528,0.4234876632161153,5.8511498745349755,125.56219130584003,88.34183783838344,-69.73861718491285
2.5151515151515116,-0.06666795902891813,0.9228415299525135,0.03702811511100689,0.4485397271619374,0.5913065068400012,-0.24912388035724564,-1.3588623874662868,-2.8332423433489056,0.7547270627329693,-9.278601648447367,1.2975560161862578,5.153437047768733,123.10258430242988,84.69116249647824,-68.37252449911621
2.5252525252525215,-0.06220811796295102,0.9286700438057898,0.034551070504139796,0.4343615227388912,0.562768477173227,-0.24124915023164173,-1.4463522231382056,-2.8158796777291877,0.8033198763424491,-8.049163548160658,2.1337905579293643,4.470593652492255,120.26497427882026,80.85347131796375,-66.79648479300782
2.5353535353535315,-0.057895744478565964,0.9342113224517687,0.03215593100828622,0.4193617996471788,0.5344478219088697,-0.2329181396337154,-1.5215744032499678,-2.790268950681531,0.8450990996029071,-6.850205480452297,2.930384879688773,3.804679201358703,117.07118412759259,76.84512410435033,-65.02261874030481
2.5454545454545414,-0.05373851629530223,0.9394679754864674,0.029846960913025543,0.4036628584144261,0.5064258039335652,-0.22419877561690013,-1.5848546050232788,-2.756818996545901,0.8802456172125943,-5.685214546803445,3.685697734201322,3.1576304687490575,113.5431462646546,72.68246302981827,-63.063107845177996
2.5555555555555514,-0.04974289297777463,0.9444434122115487,0.027627747931340353,0.3873835357761632,0.47877947557189754,-0.21515706140653565,-1.6365526081780037,-2.715954394517818,0.9089592547709799,-4.5574557559921915,4.398252857643025,2.5312608763230853,109.70290262923619,68.38181264121525,-60.9301944422535
2.5656565656565613,-0.04591415262502106,0.9491417983284949,0.025501223577284807,0.3706388715550746,0.4515815279610923,-0.20585689138095203,-1.6770600459842506,-2.668113803048352,0.9314575296884591,-3.4699709177977605,5.06673879157603,1.9272598785702697,105.57260468388995,63.959479858056255,-58.63618169661057
2.5757575757575712,-0.042256431809787824,0.9535680111962539,0.02346968534869854,0.3535397983132931,0.4249001572408762,-0.19635987870096003,-1.7067981451396457,-2.613748296042401,0.9479743958893831,-2.425577536704295,5.690008704894007,1.3471923483607968,101.1745134144943,59.43175397252695,-56.19343360378388
2.585858585858581,-0.03877276853715228,0.9577275938221186,0.02153482058689743,0.3361928538907099,0.39879894754030926,-0.18672519565046852,-1.726215454471852,-2.5533197008557065,0.9587589823086591,-1.426867705604649,6.267080215768795,0.7924979624966744,96.53099933024993,54.81490664947927,-53.614374989761714
2.595959595959591,-0.035465147990726156,0.9616267077554095,0.019697731884618222,0.3186999169420853,0.3733367707434541,-0.17700942675089926,-1.7357855624665877,-2.487298938090247,0.964074325181572,-0.4762069995043099,6.797135213595936,0.2644905872626673,91.66454246368183,50.12519192643471,-50.911491510986906
2.606060606060601,-0.03233455083358532,0.965272085053357,0.01795896391288081,0.3011579655858564,0.3485677030157163,-0.1672664347120996,-1.7360048036206694,-2.4161643631881744,0.9641960941274031,0.424266630775163,7.2795196809416645,-0.23564233602308216,86.59773237063845,45.37884621358187,-48.09732965435685
2.616161616161611,-0.02938100382988016,0.9686709794883855,0.016318531536789478,0.2836588592775996,0.3245409580726548,-0.15754723928245326,-1.7273899536205646,-2.3404001098244143,0.9594113120261396,1.2726439648921897,7.713743515488595,-0.7068404054577191,81.35326813029187,40.592088293778005,-45.18449673722216
2.626262626262621,-0.02660363255197906,0.9718311171658293,0.014775949089653911,0.26628914402086457,0.301300837173146,-0.14789990906086742,-1.710475913346197,-2.260494435097573,0.9500170686888727,2.0672456192808415,8.099480351981558,-1.1481708730027766,75.95395834513756,35.781119322549905,-42.185660907389625
2.636363636363631,-0.024000715936831202,0.9747606467209188,0.013330260674193366,0.249129881028425,0.2788866958186654,-0.13836946633332867,-1.6858133816997436,-2.176938066519498,0.9363192283214073,2.806623153447908,8.436567384174241,-1.558829258933157,70.42272114099595,30.96212282809127,-39.11355114311851
2.646464646464641,-0.02156974245411917,0.9774680892636909,0.011980071358945023,0.23225649894671244,0.2573329271406227,-0.12899780499675728,-1.6539665172603608,-2.090222550803436,0.9186311307816304,3.4895601762684745,8.72500518677527,-1.9381399662866032,64.78258416700928,26.15126471126401,-35.98095725312384
2.656565656565651,-0.01930746764760843,0.9799622882403061,0.010723579137357917,0.21573866975633288,0.2366689619574369,-0.11982362163276272,-1.615510588763477,-2.0008386044504674,0.8972722866300421,4.115073452282603,8.964957537394147,-2.2855568953119736,59.056684595643944,21.364693245598737,-32.80072987657344
2.6666666666666607,-0.017209972809982935,0.9822523593790508,0.00955860751644078,0.19964020846155683,0.2169192854833754,-0.11088235979413497,-1.5710296144058908,-1.9092744661347052,0.8725670659738328,4.682414007990786,9.156751238487525,-2.6006640579190057,53.2682691226924,16.61853907729565,-29.585780483091597
2.6767676767676707,-0.015272724550282304,0.9843476408891427,0.008482638601169965,0.18401899668169647,0.1981034706707752,-0.10220616756659673,-1.521113989975906,-1.8160142508869737,0.8448433811044603,5.191068238150935,9.300875939305154,-2.8831761921269106,47.44069396726806,11.928915225220475,-26.349081372754355
2.6868686868686806,-0.013490635011970113,0.9862576440802558,0.007492846540263146,0.168926930257085,0.18023622816767848,-0.0938238684686562,-1.466358105808919,-1.7215363060768336,0.814431362928586,5.64075901207427,9.39798395783661,-3.1329393765133675,41.59742487180783,7.311917080909957,-23.103665676094295
2.6969696969696906,-0.0118581224984589,0.9879920045705131,0.006586131198261599,0.1544098909828066,0.1633274728725574,-0.08576094575214799,-1.4073579525680477,-1.6263115691934196,0.7816620311924702,6.031446779921293,9.448890102756549,-3.3499316446640757,35.76203710207433,2.7836224085668864,-19.862627354096738
2.7070707070707005,-0.01036917226182565,0.9895604342504781,0.005759151918249612,0.14050774258275167,0.14738240706808092,-0.07803954016623711,-1.3447087158505047,-1.5308019274245037,0.7468659584998784,6.363330678998501,9.454571495371333,-3.534263599621193,29.958215447153194,-1.639908654936331,-16.639121198202204
2.7171717171717105,-0.009017397209298941,0.9909726741705654,0.005008361238901781,0.1272543510371547,0.13240162011568185,-0.07067846124749656,-1.2790023596186157,-1.4354585790343006,0.7103719281233188,6.636849640053828,9.416167391565587,-3.6861790283324787,24.209754219452805,-5.942633600058617,-13.446362830305837
2.7272727272727204,-0.007796098280933864,0.9922384485190072,0.004330038428902366,0.11467762937620202,0.11838120469277069,-0.06369321219882464,-1.2108251984568383,-1.3407203965397612,0.6725055856088833,6.85268349357389,9.334979003747746,-3.806055516100928,18.540557254705945,-10.108527544591787,-10.297628702755304
2.7373737373737304,-0.0066983242507910185,0.9933674198574177,0.0037203227011823117,0.10279960705286464,0.10531288955445256,-0.05709602841984179,-1.1407554586533453,-1.2470122916852244,0.6335880841742991,7.011754076078873,9.212469322796178,-3.894405061032785,12.974637911969282,-14.12158323365886,-7.206256098355055
2.7474747474747403,-0.005716930702767093,0.9943691457807603,0.0031752459687366813,0.0916365240076649,0.09318418880157538,-0.05089592975150817,-1.0693608281077096,-1.1547435822158656,0.593934723900696,7.115226336420388,9.050262940005755,-3.9518746884875426,7.536119073621606,-17.96581103971449,-4.185643130361669
2.7575757575757502,-0.004844637931095682,0.9952530371683665,0.0026907650031983855,0.08119894953825146,0.08197856763691831,-0.045098786497568405,-0.9971959950630129,-1.0643063604493745,0.5538535847175734,7.164509442075666,8.850145869033664,-3.9792470655264616,2.249233145368578,-21.62523896254561,-1.2492487424874668
2.76767676767676,-0.00407408751438873,0.9960283181924521,0.0022627928566827937,0.0714919260867789,0.07167562459137086,-0.03970739928566355,-0.9248001756639677,-0.9760738636464958,0.5136441531814857,7.161257885445664,8.614065367845567,-3.9774411153613993,-2.8616779437635955,-25.083912629270035,1.5894072911015371
2.77777777777777,-0.00339789731096023,0.996703988250407,0.0018872294067925378,0.06251513805778242,0.06225129020194749,-0.034721592830625564,-0.8526946303398839,-0.8903988461795657,0.47359594304777386,7.107372590150177,8.344129760661946,-3.947512631804649,-7.772162741423472,-28.325895294336643,4.316744365784501
2.78787878787878,-0.002808714622041235,0.997288785986951,0.0015599908840419792,0.0542631057796788,0.05367804212343138,-0.030138323662791622,-0.7813801690132767,-0.8076119535003593,0.43398710963612475,7.00500201732401,8.042608259904355,-3.8906548937171124,-12.457660271936447,-31.335267839528715,6.919121046487362
2.79797979797979,-0.002299267268283431,0.997791155572059,0.001277038240323488,0.046725404722425534,0.04592513665555108,-0.02595180188394211,-0.7113346451332889,-0.7280200979056536,0.3950830579893869,6.856543271913548,7.711930788140585,-3.808199279457435,-16.89350003630304,-34.09612877395787,9.382835067680105
2.8080808080808,-0.001862412323965619,0.9982192154003592,0.001034404216405549,0.039886910084621696,0.038958856667413624,-0.022153627013588084,-0.6430104385349735,-0.6519048361018556,0.3571350448260313,6.6646432089733345,7.354687800032744,-3.7016158813322306,-21.054902012202888,-36.59259423407083,11.69412333337965
2.81818181818181,-0.001491182251976586,0.9985807293775786,0.0008282189658157732,0.033728066862489636,0.03274277590115218,-0.018732937988344384,-0.5768319271231523,-0.5795207485677708,0.3203787742854818,6.432199539960941,6.973630104280881,-3.572514120043177,-24.916976653988286,-38.80879798364238,13.839161917149
2.82828282828282,-0.0011788281816856455,0.9988830809593547,0.0006547340918374341,0.02822518551412523,0.027238039636548556,-0.015676577376993572,-0.513192947382703,-0.5110938207164263,0.2850329874677642,6.162361939035311,6.571668685571837,-3.4226433591377194,-28.45472489269204,-40.72889141378266,15.804066062095146
2.83838383838383,-0.0009188600705420172,0.9991332501075966,0.0005103449537088509,0.02335076333123487,0.02240366169842807,-0.012969269873918887,-0.4524542437125856,-0.4468198258547488,0.25129804576585846,5.858533149349981,6.151874526523063,-3.253893519457012,-31.643038136017537,-42.337043542931475,17.57489018087246
2.8484848484848397,-0.0007050834891988364,0.9993377933293877,0.00039161109748230005,0.019073831631959637,0.01819683778881577,-0.010593815133828566,-0.3949409065867444,-0.3868627099423724,0.21935450799186818,5.524370089352104,5.7174784296299475,-3.068295693585682,-34.456698268350834,-43.617441016859,19.137627855679725
2.8585858585858497,-0.0005316327687259065,0.9995028269632485,0.0002952746663461153,0.015360328887025543,0.014573275125381327,-0.008531295010050122,-0.34093979953891473,-0.3313529781483425,0.18936170129644703,5.16378495907707,5.271870839211829,-2.868022760300306,-36.87037765075024,-44.554288108670455,20.478211838261956
2.8686868686868596,-0.000393000247485481,0.9996340138773175,0.0002182766446630624,0.012173499892716766,0.01148753836851929,-0.006761295259587297,-0.29069697497406644,-0.2803860832073338,0.16145628588197702,4.780946346446164,4.818601663357995,-2.655389999019093,-38.85863912095161,-45.13180671880105,21.58251404991033
2.8787878787878696,-0.0002840613538350051,0.9997365537439853,0.00015777078918249865,0.009474321102674765,0.00889341181820151,-0.005262141777126028,-0.24441507880359747,-0.2340208155728708,0.13575081350867535,4.380280333559902,4.361380095873956,-2.43285570424986,-40.39593599336598,-45.33423637501629,22.436345581460273
2.8888888888888795,-0.0002000952600590966,0.9998151770551298,0.00011113510044415131,0.007221952232530526,0.006744277863140691,-0.00401115142112618,-0.20225074390737063,-0.19227769537084338,0.11233227979468241,3.9664716029975224,3.904074438227595,-2.2030218000400623,-41.456612059084534,-45.14583423241744,23.025456693295354
2.8989898989898895,-0.00013680084139046367,0.9998741430421092,7.59806866236154e-05,0.0053742142492482214,0.004993511663609618,-0.0029848974943840756,-0.16431197242006057,-0.15513736615007323,0.0912606703093024,3.544464544110731,3.4507119214950635,-1.9686344544259313,-42.01490158586773,-44.55087507343191,23.335536815341527
2.9090909090908994,-9.030767318875255e-05,0.9999172416643543,5.01578714470971e-05,0.0038880938586223213,0.0035948920499071224,-0.002159489941829018,-0.13065550684299243,-0.12253899043225402,0.072567500459499,3.1194643593222366,3.0054785283070675,-1.7325846938804936,-42.04492931815952,-43.53365130782299,23.3522145470736
2.9191919191919093,-5.718179793885725e-05,0.9999477998302522,3.1759397280499424e-05,0.0027202746035831504,0.0025030286183715666,-0.001510870328505276,-0.10128418998136635,-0.09437864706025767,0.05625434917075278,2.69693817041928,2.5727188147953193,-1.4979090177630958,-41.520710477076705,-42.078472972685375,23.06105765751022
2.9292929292929193,-3.442599275733926e-05,0.9999686920138872,1.9120573684097697e-05,0.0018276946862239019,0.001673805006761675,-0.0010151216599058044,-0.07614431370681274,-0.07050773034444457,0.04229138635978469,2.2826161248519554,2.1569357325380434,-1.2677900127692112,-40.41615076041313,-40.16966773244374,22.447573085216504
2.9393939393939292,-1.947426690226961e-05,0.9999823554309409,1.0816221274967397e-05,0.001168131626466451,0.0010648383305671971,-0.0006487931078222875,-0.05512295654506083,-0.05073135100819548,0.030615894202179028,1.8824925020282137,1.762790450506527,-1.0455569673781788,-38.7050463426375,-37.79158087885616,21.4972069383023
2.949494949494939,-1.0180317617569656e-05,0.9999908099368854,5.654259979767651e-06,0.0007008138703066269,0.0006359547625720274,-0.00038923970435567057,-0.03804531008913159,-0.03480673893188557,0.021130782192901876,1.5028268196109025,1.395102177011978,-0.8346864863028145,-36.36108387489742,-34.92857533101059,20.19534449442463
2.959595959595949,-4.7996715175913085e-06,0.9999956828105016,2.6657901685683827e-06,0.00038705946028372296,0.0003496812370585578,-0.00021497706634709957,-0.024671994237879247,-0.02244164769470025,0.013703096000042159,1.1501449398125914,1.0588479816490555,-0.6388031049389156,-33.35784048501375,-31.565031635326854,18.527310200784655
2.969696969696959,-1.96523765488843e-06,0.9999982385854328,1.0915145326056974e-06,0.00019094188126689282,0.0001717532607909411,-0.00010605121353746139,-0.014696361258817348,-0.013292760916079116,0.008162520112493965,0.831240175694063,0.7591626172462504,-0.4616799038134687,-29.66878377748651,-27.685347965559302,16.47836767412963
2.979797979797969,-6.559970480157773e-07,0.9999994140924594,3.643479554449325e-07,7.99831942950302e-05,7.163881229532709e-05,-4.442354270584037e-05,-0.00774178867802533,-0.006964100394445394,0.004299874280321525,0.5531743974584771,0.5013383418084345,-0.30723912303420065,-25.267271833492487,-23.27394012279119,14.033719700754318
2.989898989898979,-1.5855269158704388e-07,0.9999998588747864,8.8061904143788e-08,2.5874571499828747e-05,2.307831168757435e-05,-1.437102058599038e-05,-0.0033589609939710385,-0.003005436045244503,0.00186560374973066,0.3232791387477789,0.29082474046335705,-0.1795527767383689,-20.126553210880388,-18.31524153543662,11.178508236495816
2.999999999999989,-2.1262452021275635e-08,0.9999999811387481,1.180940059630764e-08,5.224344902465816e-06,4.640642461528621e-06,-2.9016584219831998e-06,-0.0010231402172671267,-0.0009106976378769893,0.0005682632900825269,0.1491567029400045,0.13322854741019619,-0.08284326754218085,-14.219766944178787,-12.793703259245987,7.897814406739343
3.010101010100999,-6.765875637526619e-10,0.9999999994018316,3.7578731792997644e-10,3.33681894115756e-07,2.952073818729417e-07,-1.8533056933556225e-07,-0.00013142523460452082,-0.00011638832963534185,7.299501576163436e-05,0.03868126944496453,0.03431346786356926,-0.021484000988792218,-7.519942544592084,-6.693793977296721,4.176658506415919
3.020202020202009,-5.412337245047638e-14,0.9999999999999594,3.47499806707674e-14,2.1360690993788012e-13,1.4022116801015727e-13,-1.092459456231154e-13,-2.5934809855243657e-13,-2.5135449277513544e-13,1.9539925233402755e-13,-4.831690603168681e-13,-3.019806626980426e-14,4.831690603168681e-13,-6.821210263296962e-13,8.526512829121202e-14,5.400124791776761e-13
